键成员,键值,映射值,值来源
NONE,-1,,字面量
SUI_JI,0,随机,ALGO_NAME_TYPE
SUI_JI_TRAVEL,12,旅行随机,ALGO_NAME_TYPE
TRAVEL_ADD_RANDOM,17006,旅行关卡的初始方块增加随机性,字面量
CLASS_SCORE_ASSISTANCE,17007,无尽帮扶算法,字面量
SUI_JI_LIMIT,17009,限制随机,字面量
SHANG_ZENG_1,1,熵增1,ALGO_NAME_TYPE
SHANG_ZENG_1_NEW,11001,熵增1_新,ALGO_NAME_TYPE
SHANG_ZENG_3,2,熵增3,ALGO_NAME_TYPE
SHANG_ZENG_3_X_8,12035,熵增3*8,字面量
SI_WANG,3,简单难题,ALGO_NAME_TYPE
TIAN_KONG_XIAO_CHU,4,填空消除,ALGO_NAME_TYPE
ALGO_COMPUTE_FILL,14181,计算填空,字面量
ALGO_COMPREHENSIVE_FILL,14184,综合填空,字面量
ALGO_POSITION_FILL,14198,位置填空,字面量
TIAN_KONG_XIAO_CHU_NO_BIT,11,填空消除,ALGO_NAME_TYPE
SHANG_ZENG_3_NO_BIT,10,熵增3,ALGO_NAME_TYPE
SHANG_JIAN,5,熵减1,ALGO_NAME_TYPE
KUN_NAN_TI,6,死亡难题,ALGO_NAME_TYPE
SUI_JI_WU_SI,7,随机无死亡,ALGO_NAME_TYPE
IOS_SUI_JI_WU_SI,14,随机无死亡,ALGO_NAME_TYPE
RANDOM_NO_DEATH_SEQUENCE,17008,序列式随机无死,字面量
ONE_BLOCK_DOWNGRADE_RANDOM_NO_DIE,17012,单块降级随机无死,字面量
RANDOM_NO_DEATH_LITE,17011,随机无死亡简化,字面量
ZHI_JUE_NAN_TI,8,直觉难题,ALGO_NAME_TYPE
ZHI_SI_TI,9,致死题,ALGO_NAME_TYPE
DEADLY_HARD,5003,困难怼死,字面量
POLITE_DEATH_2,19011,礼貌致死题2,字面量
POLITE_DEATH_1,19012,礼貌致死题1,字面量
ALGO_UNOBVIOUS_DEATH,19008,不易查觉怼死题,字面量
BIT_KUN_NAN_TI,4014,位运算困难难题算法,字面量
VERY_KUN_NAN_TI_1,4015,更难的困难难题1,字面量
VERY_KUN_NAN_TI_3,4016,更难的困难难题3,字面量
VERY_KUN_NAN_TI_2,4017,更难的困难难题2,字面量
KUN_NAN_TI_BEST,4018,困难难题优化耗时版,字面量
NEW_KUN_NAN_TI,4019,新难题探索,字面量
KUN_NAN_TI_MODEL,4020,困难模式,字面量
KUN_NAN_DOUBLE_OFFER,4021,困难难题-双块算法,字面量
VERY_KUN_NAN_TI_CROSS_CLEAR,4022,更难的困难难题-十字消除扩展,字面量
VERY_DIFFICULT_HARD,4024,极其困难难题,字面量
SHANG_JIAN_AND_TIE_HE,2014,熵增+贴和,字面量
FEAT_PERFECT_TRANSLATE,2208,完美契合块,字面量
DIFF_EASY_HELP,4036,困难简单难题,字面量
CONVENIENT_DIFFICULT_PROBLEM,16051,便捷困难难题,字面量
COPY_ALGORITHM,2601,拷贝算法,字面量
EMPTY_BOARD_REPLAY,2602,空盘面Replay重新刷,字面量
NO_CLEAR_DIFFICULT,4028,无消除难题,ALGO_NAME_TYPE
ALGO_HARD_EDGE_13,14076,不可放入块禁用3*3的反找连续边数少难题,字面量
ALGO_HARD_BINARY_13,14077,不可放入块禁用3*3的困难难题,字面量
ENTROPY_FILL_HARD,16024,熵增填空,字面量
ZIMU_SHANGZENG,3000,子母熵增3,ALGO_NAME_TYPE
ZIMU_SHANGZENG_REMOVE13,12039,子母熵增去除13,字面量
ZIMU_SHANGZENG_REPLACE13,12040,子母熵增替换13,字面量
CLEAR_SHANGZENG,3001,消除熵增,字面量
SHANG_ZENG_4,3002,面积扩大的熵增4,字面量
SHANG_ZENG_4_IOS,3011,面积扩大的熵增4,字面量
EFFICIENT_ENTROPY3,12017,高效熵增,字面量
BLANK_BLOCK,3003,扩大连通空白,字面量
SHANG_ZEND_MEDIUM,3004,熵增3,字面量
EASY_CHOOSE_ENTROPY,3014,易择熵增,字面量
INCREASE_ENTROPY3_DIE,3022,熵增3降级怼死,字面量
COMBO_ENTROPY,3024,消除延续熵增,字面量
SHOUYI_SHANG_ZENG,3016,收益熵增2,字面量
SHANG_ZEND_MEDIUM_IOS,3013,熵增3,字面量
RELATIVE_ENTROPY_AREA_NEAR,3018,相对熵增(可消面积大贴边),字面量
RELATIVE_ENTROPY_LESS_EDGE,3019,相对熵增(可消权重高边数小),字面量
INSTINCT_CUT_ENTROPY,12032,直觉切割熵增,字面量
INCREASE_ENTROPY_NEBULA,12037,星云熵增3,字面量
REPLACE_MUTATION,12034,随机_变异难题,字面量
REVENUE_ENTROPY_INCREASE,3015,收益熵增,字面量
ZHI_SI_SHANG_ZENG,3023,致死熵增,字面量
SAOLEI_SHANG_ZENG,3017,扫雷熵增,ALGO_NAME_TYPE
ENTROPY_INC_ANGLE,12033,斜角变型熵增,字面量
CAN_PUT_BLOCK,12010,可放块数熵增,字面量
SHANG_ZENG_3_NO_DOWN,3007,熵增3,ALGO_NAME_TYPE
WEIGHT_ADD,3008,增加权重,字面量
PARAM_ENTROPY_INCREASE,3021,参数化熵增,字面量
TRAVEL_TIAN_KONG_XIAO_CHU,1000,旅行填空消除,ALGO_NAME_TYPE
ALGO_TARGET_COLLECT_CLEAR,14049,目标物填空,字面量
SUI_JI_GUIDE,2001,随机,ALGO_NAME_TYPE
REVIVE,2002,复活,ALGO_NAME_TYPE
NEW_LIFE_BLOCK,2013,复活,ALGO_NAME_TYPE
NEW_LIFE_BLOCK_IOS,2018,复活,ALGO_NAME_TYPE
SUI_JI_NOBAOARD,2003,首局空牌面随机,字面量
CLEAR_BOARD,2000,清盘算法plus,ALGO_NAME_TYPE
INVALID_REMOVE_FIXED_GROUP,2401,无效消除1,字面量
INVALID_REMOVE_LOOP_OUT_BLOCK,2402,无效消除2,字面量
CLEAR_BOARD_PRO,2211,清盘算法Pro,字面量
LIMIT_HIGH_SCORE_DOWNGRADE,202411,限制最高分突破降级,字面量
ALGO_CLEAR_BOARD_EFFICIENT,14108,清盘高效,字面量
ALGO_CLEAR_BOARD_NEW_PLUS,291084,清盘Plus两块选块优先面积均匀,字面量
ALGO_REPLACE_ORIGINAL_BIG_BLOCK_PARAM,291085,原大块替换(可配参数),字面量
ALGO_DOMINO_CLEAR,14048,多米诺,字面量
ALGO_EARLY_WEIGHT_REDUCE,14149,前期降权重,字面量
REPLAY_REWARD_CLEAR_BOARD,14153,Replay奖励清盘算法,字面量
HOLLOW_MULTI_PLACEMENT,16040,空洞挖块难题,字面量
CLEAR_BOARD_BLANK,2004,清屏填空,字面量
CLEAR_BOARD_BLANK_IOS,2019,清屏填空-ios,字面量
RANDOM_BLOCK_BOTTOM,2005,放置效率出随机,字面量
DUO_XIAO,2010,多消算法,字面量
ATTACK_SCORE_FILL_BLANK,14101,攻击分填空消除,字面量
HIGH_CLEAR_PROB_FILL_BLANK,14150,消除概率高的填空,字面量
ALGO_CLEAR_PLUS_AFTER_BLOCK,291055,连续清盘,字面量
ALGO_COMBO_ACHIEVE_BLOCK,12025,combo成就阻挠,字面量
ALGO_SCORE_ACHIEVE_BLOCK,444444,分数成就阻挠,字面量
DUO_XIAO_LIMIT_BLOCK,2714,多消算法,字面量
ALL_COMBINATION_ID9,1309,全组合填空id9,字面量
ALL_COMBINATION_ID21,1321,全组合填空id21,字面量
ALL_COMBINATION_ID70,1370,全组合填空id70,字面量
EFFICIENT_ELIMINATE,1002,高效消除,字面量
IOS_SHANG_ZENG_3_ENTRPOY_BIT,3012,严格熵熷,字面量
EMPTYDONGFILL,1003,空洞填空,字面量
IOS_EMPTYDONGFILL,1004,空洞填空,字面量
ALGO_DIFF_ORDER_FILL,14045,顺序填空,字面量
ALGO_QUICK,1400,快速填空,字面量
ALGO_MIX_TKXC,14016,混合填空2,字面量
ALGO_FILL_MORE_AREA,14019,大面积填空,字面量
ALGO_FILL_MORE_AREA_IOS_TRAVEL,14020,大面积填空,字面量
ALGO_FILL_SMALL_BLOCK_AFTER_REVIVE,14185,复活后小块填空,字面量
FILL_CLEAR_PREFER_MIN_EDGE,140922,边数优先填空消除,字面量
ALGO_REMOTE_23,14025,填空消除不带23块,字面量
ALGO_FILL_REPEAT,14026,填空消除-重复,字面量
RANDOM_TKXC,14032,随机填空,字面量
HISTORY_CLEAR_BOARD,2205,历史盘面清屏算法,字面量
CLEAR_HELP,2209,帮扶清盘,字面量
CLEAR_BOARD_MODEL,2015,多消出块v2-qp,字面量
CLEAR_BOARD_MODEL_GL,2016,多消出块v2-lgqp,字面量
CLEAR_BOARD_MODEL_C1,2017,多消出块v2-qptc1,字面量
ALGO_RANDOM_CLEAR_COMBINATION,14035,随机可消除组合,字面量
TRAVEL_FILL_FUNCTION_BIT,14054,填空消除,ALGO_NAME_TYPE
ALGO_CONTINUE_COMBO,14057,连续combo,字面量
ALGO_FILL_SAME_REGULAR,14130,相同规整块算法,字面量
BLOCK_SHAPE_FIT_CHECK,14168,填空消除,字面量
ELIMINTE_PLEASURE,2400,消除爽,字面量
REVIVE_CLEAR,2204,新复活,字面量
SIMPLE_ZHIJUE,4000,简单直觉题,ALGO_NAME_TYPE
HEJI_ALGORITHMENTROPY,4001,更难的困难难题,字面量
HEJI_ALGORITHMENTROPYMORECLEAR,4002,十字解困难难题,字面量
HEJI_ALGODIFFSPREAD1,4003,难题扩展1,字面量
HEJI_ALGODIFFSPREAD2,4004,难题扩展2,字面量
DIFFICULTY_GAOHUIBAO,4005,高回报难题,ALGO_NAME_TYPE
HEJI_KUN_NAN_TI,4006,困难难题合集里的困难难题,字面量
HPARALLELCLEAR_HARD,4007,消两次难题,字面量
EXTREME_HARD,4008,极端难题,字面量
CROSS_CLEAR_HARD,4010,十字消除难题,字面量
HARD_BLOCK,291009,回报难题,字面量
CROWDED_PUZZLE,4041,拥挤难题,字面量
ALGO_NAN_TI,4012,难题,字面量
KUN_NAN_NAN_TI,4013,困难难题,字面量
IOS_SIMPLE_HARD,4035,简单难题,字面量
KUN_NAN_TI_HELP,16036,困难难题帮扶,字面量
LINK_SMALL_BORDER_HELP,16037,连续边数少难题帮扶,字面量
INSTINCT_HARD_USER,4038,习惯难题,字面量
LONG_DISTANCE_HARD,16053,长距离困难难题,字面量
POS_CONFLICT_HARD,4042,位置冲突难题,字面量
UPLIFT_DUISI_KUN_NAN,4043,好体验后怼死钝感人群困难难题怼死替换,字面量
IRREVERSIBLE_ALIEN,2201,不可消除异形,字面量
CLASSTERMINATE_CYCLE,2202,无尽终止刷分,字面量
CHAPTERTERMINATE_CYCLE,2203,旅行终止刷分,字面量
IOS_TERMINATE_CYCLE,2210,IOS终止刷分,字面量
REPLACE_ROUNDLIMIT,2100,平替局数,字面量
ALGO_ONE_DIFFICULT,4009,单消难题,字面量
ALGO_FILL_CHANGE_EDGE,1399,填空修边,字面量
HIGH_NEAR,2006,陷阱题-高贴边,字面量
SUI_JI_PUT,2007,随机可放,字面量
LINK_SMALL_BORDER,4011,连续边数少难题,字面量
ALGORITHM_BRANCH_TKXC_MORE_CLEARN,14021,分支填空-多消,字面量
ALGORITHM_BRANCH_TKXC_COMBO,14022,分支填空-combo,字面量
ALGO_QUICK_FILL_ENTROPY_INCREASE3_1_2,14024,快速填空:熵增3(1:2),字面量
ALGO_QUICK_FILL_ENTROPY_INCREASE3_2_1,14023,快速填空:熵增3(2:1),字面量
ALGO_QUICK_FILL_MEDIAN,14143,中位数快速填空,字面量
ALGO_PROXIMITY_WEIGHT_FILL_CLEAR,14169,邻近权重填空消除,字面量
ALGO_SCORE,2069,分数算法,字面量
ALGO_DIFFICULT_DOWN,2070,难题降级策略,字面量
ALGO_HORIZONTAL_3_8,14027,切割块,字面量
ALGORITHM_INCREASE_VARIANCE_RANDOM,2071,10000分前块面积方差拉大-随机无死亡,字面量
ALGORITHM_INCREASE_VARIANCE_ADD3,3005,10000分前块面积方差拉大-熵增3,字面量
ALGO_CLEAR_BOARD_GATHER,14028,清盘算法plus调参-聚拢算法,字面量
ALGO_NEAR_THICKNESS_BLOCK_FILLING,14029,贴边厚度影响填空出块,字面量
ALGO_NEAR_THICKNESS_BLOCK_FILLING_IOS,14037,贴边厚度影响填空出块-ios,字面量
ENSURE_CLEAR,2206,有消替换,字面量
ALGO_COLLECT_TKXC,14031,收集物填空,字面量
HARD_PROBABILITY,4023,难题概率,字面量
CLEAR_BOARD_ANSWER,2011,清屏解密,字面量
FIRST_ROUND_PERFECT_FILL_EMPTY,2012,首轮近完美填空,字面量
ALGO_AVOID_CLEAR_BOARD,2072,分数过低消除不清屏,字面量
ORDER_FILL_ELIM,14030,秩序填空,字面量
CROSS_CLEAR_FILL,14110,十字消填空,字面量
LOW_PERFORMANCE_FILL,5000005,连续边最小贴边填空,字面量
ERROR_FILL_BLANK,14162,易错填空,字面量
ORDER_BORDER_VALUE_FILL,291031,秩序填空,字面量
ALGO_LIMIT_AREA,3006,随机策略中控制面积,字面量
ALGO_DOWNGRADE_BOTTOM,29025,出题失败降级兜底,字面量
ALGO_SMALLER_BLOCK_REPLACE_DIE_BLOCK,291080,验证怼死,字面量
ALGO_SMALLER_BLOCK_REPLACE_DIE_BLOCK_TO_OTHER_PARAM,291081,验证怼死(可配参数),字面量
ALGO_HIGH_COMBO_HARD,16035,高combo陷阱难题,字面量
ALGO_LIMIT_HIGH_COMBO,12008,限制高combo,字面量
ALGO_MANY_CLEAR_TKXC,140310,限制高combo-多消,字面量
ALGO_MANY_CLEAR_DEATH,19004,多消怼死,字面量
BLIND_AREA_FILL_HARD,4040,盲区类填空难题,字面量
ALGO_ENTROPY_EXTREME,3028,极限熵增,字面量
STAY_IN_BLANK_FILL,29003,滞留清除填空,字面量
NO_LINK_BLOCKS_MAKE_GROUP,14071,滞留块包裹,字面量
ALGO_UNLESS_RECT_CLEAR,14090,非矩形不消除填空,字面量
ALGO_UNLESS_RECT_CLEAR_FILL_CLEAR_BOARD,291092,非矩形不消除填空结合清盘,字面量
ALGO_MIN_EDGE_FILL_BLANK,14072,减少边数填空消除,字面量
NO_CLEAR_BOARD,14097,非清屏,字面量
FOUR_REGION_LARGE_FILL,14033,四区域填空,字面量
COLD_START_CLEAR_BOARD,14070,初始块,字面量
FIND_SINGLE_CLEAR_MAX,291011,空盘面题,字面量
OPTIMAL_FILL_CLEAR,14080,最优填空消除,字面量
ENHANCED_FILL,14135,增强填空,字面量
ALGO_MERGE_CLEAR_AND_EDGES_FILL,14093,合并填空,字面量
EMPTY_AREA_MAX_FILL,14084,补全镂空,字面量
ALL_COMBINATION_FILL_EMPTY,14125,全组合填空消除,字面量
MORE_CLEAR_BLOCK,291010,多消更多块,字面量
ALL_CAN_PUT_DIE,5001,三块可放怼死题,字面量
UNCONSCIOUS_DIE,19005,无知觉怼死,字面量
MIDDLE_BLOCK_DEATH,5002,中块怼死题,字面量
ORDER_SURFACE_LOWER_LEVEL,291014,秩序盘面怼死降级,ALGO_NAME_TYPE
INCLUDE_3X3_HARD,4026,双轮出块构建的后悔难题,字面量
INCLUDE_3X3_INSTINCT,4027,双轮出块构建的后悔难题,字面量
HIGH_VALUE_SUBTLE_HARD,4025,不易察难题,字面量
CLEAR_AND_FILL,2023,消除填空,字面量
TWO_UNPUT_BLOCK_DIFFICULT,16039,两个不可放块难题,字面量
HIGH_SCORE_DEATH,19002,高分怼死题,字面量
HARD_BINARY_LV,291019,困难难题_lv,ALGO_NAME_TYPE
FIXED_HARD_BLOCK,16052,易察觉型难题块池,字面量
ALGO_EASY_FILL_HARD,16063,简单填空难题,字面量
ALGO_UNIQUE_ORDER_ANSWER,291024,唯一顺序答案,字面量
ONE_GRID_BLOCK_HARD,16023,一格小块难题,字面量
ONE_BLOCK_SOLVE_DIFFICULT,16025,单块可解难题,字面量
MUST_SOLVE_PUZZLE,291088,必解难题,字面量
MISLEADING,16027,一般诱导,字面量
ALGO_LETHAL_BLOCK_MISLEADING_HARD,16062,致死块直觉误导,字面量
ALGO_AREA_DIFF_HARD,16038,差异难题,字面量
ALGO_DIRECTION_LOCK_HARD_1,5300000,方向互锁难题1,字面量
ALGO_DIRECTION_LOCK_HARD_2,5300001,方向互锁难题2,字面量
IOS_FILL_BLANK_BIT,1401,IOS位运算填空消除,字面量
IOS_FILL_BLANK_NOT_BIT,1402,非运算填空,字面量
IOS_FILL_BLANK_NOT_BIT_REVERSE,1403,IOS非运算填空(块池42-2),字面量
IOS_ADD3_BIT,3010,IOS位运算熵增3,字面量
IOS_ADD3_NOT_BIT,3009,IOS非位运算熵增3,字面量
IOS_ZHI_JUE_BIT,4029,IOS位运直觉难题,字面量
IOS_ZHI_JUE_NOT_BIT,4030,IOS非位运直觉难题,字面量
IOS_KUN_NAN_BIT,4031,IOS位运算困难难题,字面量
IOS_KUN_NAN_HARD_LEVEL_4,4032,IOS困难难题难度4,字面量
IOS_KUN_NAN_OPTIMIZE,4033,IOS优化定时难题,字面量
JU_ZHENG_NAN_TI,4034,IOS矩阵难题,字面量
ALGO_HISTORY_BOARD,2207,历史盘面对称算法,字面量
IOS_ALGO_TRAVEL_BLOCK_RANDOMNESS,2501,旅行关卡的初始方块增加随机性,字面量
ALGO_HISTORY_MORE_CLEAR,2212,历史盘面多消算法,字面量
STRICT_CLEAR_BLOCK,2214,清盘严格出块,字面量
ORDER_CHIOCE,14066,秩序抉择,字面量
TWO_3X3_HARD,4037,两个3*3难题,字面量
SMALL_BLOCK_HARD,16044,小块难题,字面量
ALGO_NEAT_FILL,14046,整齐填空,字面量
CLEAR_MORE_BLOCK,29004,多消Plus,字面量
FIVE_REMOVE_SURFACE,2020,五消出块,字面量
FIRST_EIGHT_GAMES_FIXED_BLOCK,2024,新手前8局固定出块,字面量
NEW_USER_EARLY_ROUNDS_FIXED_BLOCK,2025,新人前几局固定出块,字面量
PERFECT_FIT_ALGORITHM,5000007,横竖完美贴合算法,字面量
PERFECT_FILL_BOARD,2022,首轮近完美填空,字面量
ALGO_SHENG_ZENG_TRAVEL_FILL,14055,熵增旅行填空,字面量
SYMMETRIC_BLOCK,2600,对称块,字面量
ALGO_ENTROPY3_CLEAR,12036,熵增3消除,字面量
EDGE_ENTROPY_INCREASE3,291082,贴边熵增3,字面量
ALGO_OTHER_SHANG,291065,区别熵增,字面量
ALGO_FILL_HORIZONTAL,14156,横向填空,字面量
ALGO_FILL_VERTICAL,14157,纵向填空,字面量
COMBO2_FILL,141251,combo2填空,字面量
COMBO2_ENTROPY,12027,combo2熵增,字面量
ALGO_EDGE_ADJACENT_FILL_CLEAR,14087,贴边填空消除,字面量
SINGLE_DIFF_OFFER,4039,单轮出题解题策略,字面量
OPEN_COMBO_FILL_IN,14073,开局combo,字面量
ALGO_OPTIMAL_FILL_MAX_HOLE,14094,大空洞填空,字面量
ALGO_CONVEX_HULL_FILL,14177,凸包填空,字面量
PRIORITY_BLOCK,14098,优先消除,字面量
MAX_CLEAR_AFTER_REVIVE,1404,复活后5轮内最大消除算法,字面量
PROFIT_FILL_CLEAR,291007,收益填空,字面量
ALGO_SURFACE_BIG_CHANGE_FILL,291047,盘面变化大填空消除,字面量
ALGO_LESS_POSITION,14095,位置少算法,字面量
WEIGHT_SHANGZENG,3020,权重熵增,字面量
AJGO_OPTIMAL_OR_KILL,14133,致死或最优,字面量
TWO_UNABLE_PUT_BLOCK_ELIMINATE,14086,两个不可放块的题型-消除,字面量
EASY_NAN_TI,16034,较容易难题,字面量
GENTLE_MODE_HELP_BLOCK,14081,温和帮扶块,字面量
FIRST_ROUND_BLOCK,29020,首轮块,字面量
FIRST_ROUND_CRAZY,29008,首轮爽消,字面量
ALGO_FILL_EMPTY_BIG_AVERAGE,291016,填空消除单轮面积方差拉大,字面量
NEAR_BIG_BLOCK_FILL,29017,近距离大块填空,字面量
SAOLEI_FILL,291018,扫雷填空,ALGO_NAME_TYPE
ALGO_RANDOM_MIN_EDGE,2009,随机最小边数,字面量
COMBO_HELP,291030,Combo帮扶,ALGO_NAME_TYPE
BEAUTIFUL_DUI_SI,5004,更优雅的怼死,字面量
FULL_BOARD_DEATH,5005,怼死盘面尽量满策略,字面量
GUIDE_BLOCK_FIRST_TIMES,2606,新手引导结束首轮最大化盘面,字面量
FILL_MIN_WEIGHT,14091,权重最低填空,字面量
ALGO_SPLIT4_AREA_TO_FILL,2021,空旷盘面适用的分摊算法,字面量
SOFT_KILL,2502,温和怼死,字面量
ALGO_MUST_DEATH_EX,24003,致死题,ALGO_NAME_TYPE
BIG_BIG_SMALL_HARD,16046,小小大难题,字面量
PREVENT_CLEAR_BOARD,14117,防止清盘算法,字面量
FIRST_ROUND_UNIQUE_PLACE,16030,开局唯一放置题设计,字面量
ALGO_FZJ_DA_KUAI_ORDER_FILL,291026,反直觉随机,字面量
ALGO_ID9_AND_RANDOM_NO_DIE_FILL,291044,ID9和随机无死填空,字面量
COMBO_ALGO_FILL_BLANK,14092,combo填空,字面量
COMBO_BREAK_FILL,14167,考虑combo状态的填空,字面量
ALGO_FILL_AND_CORNER,14122,占角消除块,字面量
ALGO_FILL_AVG_NEAR_THICKNESS,14119,厚度均值填空,字面量
ALGO_SELECT_INTERNAL_CORNER_FILL,14112,阴角填空消除,字面量
ALGO_SELECT_INTERNAL_CORNER_NEAR_THICKNESS_FILL,14113,阴角填空消除,字面量
ALGO_PART_OTHER_FILL,291029,区别填空,字面量
ALGO_DIE_FILL_BLOCK,291023,死亡填空块,字面量
ALGO_CLOSE_AREA_FILL,291028,封闭切割,字面量
MODIFY_FILL_ORDER,14100,填空消除调参,字面量
FILL_CLEAR_APART,14115,填消分离的填空消除,字面量
ALGO_FILL_MATRIX_MN,14118,MN填空不消除,字面量
REPLACE_FILL_HARD,14147,填空难题,字面量
EDGE_THICKNESS_FILL,14120,贴边厚度影响填空出块,字面量
ELIMINATE_TEMPT,2701,多消陷阱,字面量
ALGO_1_FILL_2_SUI_JI_WU_SI,14099,1填空2随机无死,字面量
ALGO_2_FILL_1_SUI_JI_WU_SI,141001,2填空1随机无死,字面量
DEATH_IMPRESSION,2712,强化印象,字面量
LUCKY_REVIVE,20007,lucky复活出块,ALGO_NAME_TYPE
ALGO_FILL_WEIGHT,14139,权重填空消除,字面量
ALGO_MIX_CLEAR3,14140,混合填空,字面量
MOSTRUNDIE,14146,多轮致死填空算法,字面量
ALGO_EMPTY_AREA_BLOCK13,14131,空旷区ID13,字面量
ALGO_PRIORITY_CENTER_RANDOM,17013,优先放中间的随机,字面量
RANDOM_AFTER_CLEAR_BOARD,17017,清屏后随机,字面量
ALGO_PEACE_STOP_FILL,20023,温和打断combo算法,字面量
IOS_SAME_CLEAR_FILL,14123,同位置消除填空,字面量
LESS_EDGE_AND_SAME_CLEAR_INFO,14124,行列惯性填空,字面量
REGULAR_ENTROPY_HARD,16048,其它角度的直觉难题,字面量
MORE_LIVE_WAY_HARD,16054,多活路难题,字面量
MORE_LIVE_WAY_HARD_TUNE,16068,多活路难题调参,字面量
BEST_BLOCK_FOR_REVIVE,20006,最优复活块,字面量
NANTIJIANGJICELUE,16015,难题降级策略,字面量
ALGO_CROSS_CLEAR_FIRST_ROUND,14069,强制十字消初始盘面,字面量
ALGO_EXCLUSIVE_TKXC,2713,独占填空,字面量
SAME_DIRECTION_FILL,14096,同向填空,字面量
MORE_CLEAR_CFILL,291038,多消构筑填空,字面量
NEW_PLAYER_FILL,14166,新手填空,字面量
NEWUSER_LOWROUND_PROTECTION,2213,去怼死填空,字面量
ALGO_SAFER_THRILL_PASS_COLLECT,14187,安全惊险过关,字面量
EQUAL_NOPUT_INCREASE,3026,等于没放熵增,字面量
ALGO_BIG_EMPTY_FILL,291021,空区域填空,字面量
ALGO_BLOCKWALL_PRIORITY,14136,贴边厚度-方块贴壁,字面量
ALGO_EDGETICHNESSSHAPE_FIRST,14137,对贴边厚度的调参-方块组成长条行/列优先,字面量
MISS_PUT_FILL,291041,误放后填空,字面量
FILL_MATRIX_MN,2500,MN填空不消除,字面量
ALGO_PEACEFUL_DEATH,24004,和平致死题,字面量
ALGO_DEAD_ALIVE_TREE,16047,生死树难题,字面量
EXTREME_FILL,14128,极限填空,字面量
VALID_ELIMINATE,14174,有效消除,字面量
QUYU_SHANG_ZENG,12026,区域熵增,字面量
ALGO_REVIVE_BOUNDARY,29026,复活边界算法,字面量
ALGO_FIRST_ROUND_MORE_CLEAN,14056,首轮多消,字面量
CROSS_CLEAR_COOL,29027,爽感十字消,字面量
ALGO_GROUP_BIG_BLOCK_FILL,291048,组合大块,字面量
ALGO_TRAVEL_MANY_CLEAR,14141,旅行多消填空,字面量
ALGO_SIMPLE_HARD_PARAM1,16029,较为简单的困难难题（无异体块）,字面量
ALGO_QUICK_FILL_SECOND,14038,次优快速填空,字面量
ALGO_TKXC_SECOND,14039,次优填空消除,字面量
ALGO_MIX_TKXC_SECOND,14040,次优混合填空2,字面量
ALGO_MULIT_CLEAR_PLUS,14129,多消plus,字面量
ALGO_QUICK_FILL_PARAM,14047,快速填空调参,字面量
ALGO_HOLE_FILL_PRIORITY,14065,单格填空,字面量
PRESS_BLOCK_FILL,29007,缓压算法,字面量
ALGO_LIFE_GROUP_TKXC,291040,规整块难题,字面量
COMBO_CONTINUE_BLOCK,2718,续combo块,字面量
ALGO_MAKE_GROUP_CLEAR_BLOCK,291053,组合消除,字面量
ALGO_GROUP_CLEAR_DIFF,291063,组合消除难题,字面量
ALGO_SAME_BLOCK_SHANG,291054,相同块熵增,字面量
ALGO_HIGH_BORDER_BLOCK,291058,高贴边组合,字面量
ALGO_HIGH_NEAR_EDGE_HOLE,5000000,高贴边空洞,字面量
ALGO_HIGH_NEAR_EDGE_NOT_CONTINUOUS,5000003,高贴边不连续,字面量
ALGO_CTRL_GAME_TIME_BLOCK,291034,控制时长块,字面量
DISASSEMBLE_BLOCK,29024,拆解块,字面量
ALGO_GZ_BLOCK_HELP,291052,规整块帮扶,字面量
ALGO_NEW_LESS_EDGE_NEAR_THICKNESS,291051,贴边厚度优于连续边数,字面量
PRECISE_COLLECT_FILL,14144,精准收集填空,字面量
PRECISE_COLLECT_FILL_R_BORDER,291095,精准收集填空_加边数用除法,字面量
ALGO_SMALL_BLOCK_AFILL,291037,小块难题,字面量
ALGO_INSTINCT_DEATH,19009,直觉怼死,字面量
ALL_CLEARABLE_HARD,16055,皆可消块难题,字面量
ALGO_THICKNESS_AVERAGE,14142,贴边厚度影响填空出块-所有子块厚度均值,字面量
FIRST_ROUND_CLEAR_BOARD1,2715,初始谜题局1,字面量
FIRST_ROUND_CLEAR_BOARD2,2716,初始谜题局2,字面量
FIRST_ROUND_CLEAR_BOARD3,2717,初始谜题局3,字面量
ALGO_FIRST_ROUND_ELIMINATE,14160,关卡首轮消除,字面量
DEAD_HARD_LIKE,24005,阻断难题算法,字面量
THREE_BY_THREE_COMBINATION_FILL,14145,3x3组合填空,字面量
CASCADE_FILL,291036,连锁消除算法,字面量
SIMPLE_BLOCK_FALLBACK_FILL,29012,简单块兜底填空,字面量
SIMPLE_BLOCK_FALLBACK_ENTROPY3,29013,简单块兜底熵增3,字面量
SIMPLE_BLOCK_FILTER_FILL,29014,简单块筛选填空,字面量
SIMPLE_BLOCK_FILTER_ENTROPY3,29015,简单块筛选熵增3,字面量
FILL_CLEAR_DOWNGRADE,14089,新填空降级,字面量
ALGO_CLEAR_AFTER_TKXC,1405,清盘后置填空,字面量
ALGO_CLEAR_AREA_RESIDUE,14148,消除区域残余,字面量
ALGO_COLOR_CLEAR,14158,颜色消除,字面量
EFFICIENT_FILL_CLEAR,14165,高效率填空消除,字面量
TIME_DUI_SI_TI,19007,定时怼死题,字面量
ALGO_FILL_INCREASE,12023,填空熵增,字面量
ALGO_QUICK_FILL_QUICK_FILL_ENTROPY_INCREASE3,14106,快速填空快速填空熵增3,字面量
ALGO_QUICK_FILL_FILL_CLEAR_ENTROPY_INCREASE3,14107,快速填空填空消除熵增3,字面量
DEATH_FALLACY_HARD,16056,死亡错觉难题,字面量
MORE_CLEAR_REPLACE_CLEAR_BOARD,14152,多消代替清屏,字面量
ALGO_FILL_LESS_CHOICE,14111,少选择填空,字面量
ALGO_FILL_COMPLICATED_CHOICE,14134,复杂抉择,字面量
ALGO_FINAL_MUTIL_CLEAR,14132,终局多消,字面量
ALGO_UPGRADE_FILL,14155,升级填空,字面量
ALGO_SL_DIF,291050,扫雷难题,字面量
ALGO_EXTREME_RESCUE_A,14200,极限拯救a,字面量
ALGO_EXTREME_RESCUE_B,14201,极限拯救b,字面量
REVIVE_PROTECT,2300,复活保护算法,字面量
ALGO_REBORN_SELECT_BLOCK,291087,复活选块,字面量
IOS_ALGO_HARD_BINARY_COLOR_BLOCK,291071,困难难题,字面量
IOS_ALGO_ZJNT_COLOR_BLOCK,291072,直觉难题,字面量
IOS_ALGO_VERY_DIFFICULT_COLOR_BLOCK,291073,极其困难难题,字面量
ALGO_SAME_BLOCK_FILL,291070,互补块,字面量
COLOR_BLOCK_FILL_GAP,291069,填补空洞算法,字面量
COLUMN_WEIGHT_BLOCK_SELECT,17010,空盘面出块,字面量
ALGO_HIGH_SCORE_DIFFICULT,16060,高分难题,字面量
ALGO_HIGH_COMBO_EASY_CONTINUE,12028,不断连击出块,字面量
ALGO_CONFIG_FILL_BLOCK,291057,初始清盘,字面量
ALGO_SYMMETRY_BLOCK_XY,29029,对称出块算法,字面量
ALGO_FUN_SYMMETRY_BLOCK,29031,趣味对称块,字面量
AREA_MAX_TOP_QUICK_FILL,291022,面积封顶快速填空,字面量
CERTANLY_TIKONG,2700,必消填空,字面量
TERMINATE_REFRESH_SCORE_FIX,291060,终止刷分循环算法(bug修复),字面量
ALGO_CLEARABLE_LIVE_WAY_HARD_1,16057,可消位置边数误导难题,字面量
ALGO_CLEARABLE_LIVE_WAY_HARD_2,16059,可消位置边数误导难题,字面量
ALGO_FILL_MORE_AREA_Y_MAX,291005,大面积填空,字面量
ALGO_CLIP_BLOCK,291001,切割块,字面量
ALGO_XY_CUT_BLOCK,14173,星云-切割块,字面量
ALGO_SUPER_EASY_HARD,16058,超简单难题,字面量
ALGO_RANDOM_DIFF,291059,随机难题,字面量
ALGO_HIGH_VALUE_GAP_FIRST,14161,高价值空隙优先出块,字面量
ALGO_STRATEGY_PASSTHROUGH,14189,策略透传出块,字面量
ALGO_THREE_SELECT_FILL,14190,随机块池填空消除,字面量
ALGO_INITIAL_BOARD_HIGH_EDGE,14191,初盘高贴边,字面量
ALGO_INTUITIVE_FILL,14126,交点少的填空消除,字面量
ALGO_INACTIVE_AREA_FILL,14154,优先填空,字面量
ALGO_HABIT_SHANGZENG,12031,习惯熵增,字面量
ALGO_HABIT_DIFFICULTY,16049,习惯难题,字面量
MORE_SELECT_DIFF,291075,多重选择难题,字面量
COLLECT_BLOCK_TO_FILL_EMPTY,29002,攒块填空,字面量
ALGO_BREAK_DIE_BLOCK,291067,突破怼死,字面量
SUPER_HARD_PROBLEM,16065,Super困难难题,字面量
ALGO_COMBO_STOP_FILL,291079,Combo中断策略,字面量
EDGE_FILL_ELIM,1415011,不贴边数少的填空,字面量
ALGO_FULL_FILL,300001,全填充,字面量
ALGO_EFFICIENCY_FILL,300002,效率填空,字面量
ALGO_CLEAR_BOARD_LOW_STACK_INTERRUPT,21012,清盘算法LowStackInterrupt,字面量
ALGO_PROTECT_FILL,14172,保护填空,字面量
ALGO_REWARD_PUNISHMENT_ENTROPY,14171,奖惩熵增算法,字面量
AREA_INERTIA_ALGORITHM,17014,面积惯性算法,字面量
ALGO_COMBO_ADD_STOP_FILL,291078,Combo填空,字面量
ALGO_XY_CLEAR_BOARD,21013,XY清盘算法,字面量
ALGO_WELL_FORMED_HARD,16061,规整难题,字面量
ALGO_EASY_BREAK_COMBO_FILL,14176,易断combo填空,字面量
ALGO_SMALL_AND_BIG_AREA_HARD,16064,大小块难题,字面量
ALGO_QUICK_FILL_EDGE_DECREASE,14194,减边快速填空,字面量
ALGO_VISUAL_IMPACT_EASY_SOLVE,16066,视觉冲击可解难题,字面量
ALGO_MUST_DEATH_INDUCE,24006,必死诱导算法,字面量
ALGO_MUST_DEATH_MAX_AREA,24007,尽量大致死题,字面量
RANDOM_NO_DIE_VARIANT,17015,随机出块优先铺满,字面量
ALGO_INITIAL_BOARD_FAKE_HARD,14170,初始盘面伪难题,字面量
ALGO_START_SURFACE_CLEAR_HELP,291077,初始盘面消除帮扶,字面量
ALGO_SYMMETRY_KEEP_BOARD_BLOCK,14186,对称保持盘面出块,字面量
DYNAMIC_CROSS_CLEAR_HARD,4050,动态十字消难题,字面量
ALGO_BOARD_FULL_HARD,29030,盘面变满难题,字面量
REPEAT_BLOCK_DIFF,4051,重合块难题,字面量
ALGO_PATH_DIFF,4052,路径难题,字面量
ZHI_JUE_KE_JIE_NAN_TI,291027,直觉可解难题,字面量
ALGO_MULTI_SOLUTION_HARD,16067,多解难题,字面量
ALGO_BY_WEIGHT_FILL_CLEAR,291076,区别填空,字面量
ALGO_AREA_CHANGE_CLEAR_FILL,291066,区域加宽填空消除,字面量
ALGO_CONTINUE_COMBO_EXTEND,14175,延续combo,字面量
ALGO_STARTSURFACE_CLEAR,14183,开局多消,字面量
ALGO_CENTER_MULTI_CLEAR_FILL,14182,中心化多消填空,字面量
ALGO_LOWER_SCORE_DIE,291091,低分怼死题,字面量
ALGO_EASY_DIE_BLOCKS,291090,宽松致死题,字面量
ALGO_SINGLE_PUT_BLOCK,291089,单放块算法,字面量
ALGO_SECOND_CLEAR_BOARD_BLOCK,21015,二次清盘块,字面量
ALGO_COMBO_ENTROPY,12041,连击熵增,字面量
ALGO_CX_SHANG,291074,潮汐熵增,字面量
ALGO_SAMPLE_FILL,2910060,简单抉择,字面量
ALGO_RANDOM_NO_DIE_HELP,17016,随机无死,字面量
CUSTOM,10000,自定义算法,字面量
ALGO_HABIT_REVERSE_TRACTION,14196,习惯反向牵引,字面量
ALGO_CLEAR_BOARD_REPEAT,291094,清盘复读算法,字面量
ALGO_UNLOCK_START_BOARD_BLOCK,291093,解稳开局,字面量
ALGO_HARD_REWARD_PUNISHMENT_ENTROPY,14192,困难奖惩熵增算法,字面量
FILL_AREA_COEFF,14193,填空增加面积系数,字面量
ALGO_COMBO_LOWER_WEIGHT,291033,低权重combo,字面量
ALGO_FILL_OPTIMIZE,14151,填空优化,字面量
ALGO_OPENING_GOAL_BOARD,5900001,首轮区域填空消除,字面量
ALGO_SOFT_COMBO_INTERRUPT,5900000,规整消除两难题,字面量
ALGO_PLAYER_TAKE_DIFF_FILL,5000002,玩家拿块差异填空,字面量
ALGO_LONG_RECT_FILL_CLEAR,14163,长矩形构成填空消除,字面量
ALGO_CONTINUE_COMBO_EXTEND_V2,5000018,延续算法V2,字面量
ALGO_BORDER_MINEST_FILL_BLOCK,291083,边数最小填空,字面量
ALGO_RECT_FILL_INIT_BOARD,5000024,矩形填空的初始盘面,字面量
