机制,源,目标,说明
A 反协同,DNA,侵蚀,"⚠ DNA 往牌组加牌,侵蚀靠牌少吃饭"
A 反协同,全息影像,侵蚀,⚠ 同上
A 反协同,六六大顺,卡文迪什,⚠ 自毁几率 1/1000 -> 1/500
A 反协同,六六大顺,大麦克香蕉,⚠ 自毁几率 1/6 -> 1/3
A 反协同,吸血鬼,招财猫,"⚠ 同上,幸运牌被吃掉就不再触发"
A 反协同,吸血鬼,玻璃小丑,"⚠ 同上,吸血鬼会把玻璃牌的强化吃掉"
A 反协同,吸血鬼,钢铁小丑,"⚠ 吸血鬼每吃一张强化牌就移除其强化,钢铁小丑吃的正是钢铁牌存量"
A 反协同,吸血鬼,驾驶执照,"⚠ 驾驶执照要牌组里 ≥16 张强化牌,吸血鬼在反向拆"
A 反协同,模具小丑,(任何满槽构筑),"⚠ 模具小丑按空槽算 X 倍率,装满小丑等于把它废掉"
A 反协同,模糊小丑,花盆,"⚠ 花盆要四种花色各一张,模糊小丑把四色并成两色"
C 复制(通用),头脑风暴,一家人,"头脑风暴 复制 一家人,X 倍率直接进 Π 项再乘一次"
C 复制(通用),头脑风暴,三重奏,"头脑风暴 复制 三重奏,X 倍率直接进 Π 项再乘一次"
C 复制(通用),头脑风暴,上路吧杰克,"头脑风暴 复制 上路吧杰克,X 倍率直接进 Π 项再乘一次"
C 复制(通用),头脑风暴,二重奏,"头脑风暴 复制 二重奏,X 倍率直接进 Π 项再乘一次"
C 复制(通用),头脑风暴,偶像,"头脑风暴 复制 偶像,X 倍率直接进 Π 项再乘一次"
C 复制(通用),头脑风暴,全息影像,"头脑风暴 复制 全息影像,X 倍率直接进 Π 项再乘一次"
C 复制(通用),头脑风暴,卡尼奥,"头脑风暴 复制 卡尼奥,X 倍率直接进 Π 项再乘一次"
C 复制(通用),头脑风暴,卡文迪什,"头脑风暴 复制 卡文迪什,X 倍率直接进 Π 项再乘一次"
C 复制(通用),头脑风暴,古老小丑,"头脑风暴 复制 古老小丑,X 倍率直接进 Π 项再乘一次"
C 复制(通用),头脑风暴,吸血鬼,"头脑风暴 复制 吸血鬼,X 倍率直接进 Π 项再乘一次"
C 复制(通用),头脑风暴,回溯,"头脑风暴 复制 回溯,X 倍率直接进 Π 项再乘一次"
C 复制(通用),头脑风暴,拉面,"头脑风暴 复制 拉面,X 倍率直接进 Π 项再乘一次"
C 复制(通用),头脑风暴,招财猫,"头脑风暴 复制 招财猫,X 倍率直接进 Π 项再乘一次"
C 复制(通用),头脑风暴,方尖石塔,"头脑风暴 复制 方尖石塔,X 倍率直接进 Π 项再乘一次"
C 复制(通用),头脑风暴,星座,"头脑风暴 复制 星座,X 倍率直接进 Π 项再乘一次"
C 复制(通用),头脑风暴,杂技演员,"头脑风暴 复制 杂技演员,X 倍率直接进 Π 项再乘一次"
C 复制(通用),头脑风暴,棒球卡,"头脑风暴 复制 棒球卡,X 倍率直接进 Π 项再乘一次"
C 复制(通用),头脑风暴,模具小丑,"头脑风暴 复制 模具小丑,X 倍率直接进 Π 项再乘一次"
C 复制(通用),头脑风暴,照片,"头脑风暴 复制 照片,X 倍率直接进 Π 项再乘一次"
C 复制(通用),头脑风暴,特里布莱,"头脑风暴 复制 特里布莱,X 倍率直接进 Π 项再乘一次"
C 复制(通用),头脑风暴,玻璃小丑,"头脑风暴 复制 玻璃小丑,X 倍率直接进 Π 项再乘一次"
C 复制(通用),头脑风暴,男爵,"头脑风暴 复制 男爵,X 倍率直接进 Π 项再乘一次"
C 复制(通用),头脑风暴,疯狂,"头脑风暴 复制 疯狂,X 倍率直接进 Π 项再乘一次"
C 复制(通用),头脑风暴,秩序,"头脑风暴 复制 秩序,X 倍率直接进 Π 项再乘一次"
C 复制(通用),头脑风暴,积分卡,"头脑风暴 复制 积分卡,X 倍率直接进 Π 项再乘一次"
C 复制(通用),头脑风暴,篝火,"头脑风暴 复制 篝火,X 倍率直接进 Π 项再乘一次"
C 复制(通用),头脑风暴,约里克,"头脑风暴 复制 约里克,X 倍率直接进 Π 项再乘一次"
C 复制(通用),头脑风暴,老千小丑,"头脑风暴 复制 老千小丑,X 倍率直接进 Π 项再乘一次"
C 复制(通用),头脑风暴,花盆,"头脑风暴 复制 花盆,X 倍率直接进 Π 项再乘一次"
C 复制(通用),头脑风暴,血石,"头脑风暴 复制 血石,X 倍率直接进 Π 项再乘一次"
C 复制(通用),头脑风暴,部落,"头脑风暴 复制 部落,X 倍率直接进 Π 项再乘一次"
C 复制(通用),头脑风暴,重影,"头脑风暴 复制 重影,X 倍率直接进 Π 项再乘一次"
C 复制(通用),头脑风暴,钢铁小丑,"头脑风暴 复制 钢铁小丑,X 倍率直接进 Π 项再乘一次"
C 复制(通用),头脑风暴,驾驶执照,"头脑风暴 复制 驾驶执照,X 倍率直接进 Π 项再乘一次"
C 复制(通用),头脑风暴,黑板,"头脑风暴 复制 黑板,X 倍率直接进 Π 项再乘一次"
C 复制(通用),帕奇欧,一家人,"帕奇欧 复制 一家人,X 倍率直接进 Π 项再乘一次"
C 复制(通用),帕奇欧,三重奏,"帕奇欧 复制 三重奏,X 倍率直接进 Π 项再乘一次"
C 复制(通用),帕奇欧,上路吧杰克,"帕奇欧 复制 上路吧杰克,X 倍率直接进 Π 项再乘一次"
C 复制(通用),帕奇欧,二重奏,"帕奇欧 复制 二重奏,X 倍率直接进 Π 项再乘一次"
C 复制(通用),帕奇欧,偶像,"帕奇欧 复制 偶像,X 倍率直接进 Π 项再乘一次"
C 复制(通用),帕奇欧,全息影像,"帕奇欧 复制 全息影像,X 倍率直接进 Π 项再乘一次"
C 复制(通用),帕奇欧,卡尼奥,"帕奇欧 复制 卡尼奥,X 倍率直接进 Π 项再乘一次"
C 复制(通用),帕奇欧,卡文迪什,"帕奇欧 复制 卡文迪什,X 倍率直接进 Π 项再乘一次"
C 复制(通用),帕奇欧,古老小丑,"帕奇欧 复制 古老小丑,X 倍率直接进 Π 项再乘一次"
C 复制(通用),帕奇欧,吸血鬼,"帕奇欧 复制 吸血鬼,X 倍率直接进 Π 项再乘一次"
C 复制(通用),帕奇欧,回溯,"帕奇欧 复制 回溯,X 倍率直接进 Π 项再乘一次"
C 复制(通用),帕奇欧,拉面,"帕奇欧 复制 拉面,X 倍率直接进 Π 项再乘一次"
C 复制(通用),帕奇欧,招财猫,"帕奇欧 复制 招财猫,X 倍率直接进 Π 项再乘一次"
C 复制(通用),帕奇欧,方尖石塔,"帕奇欧 复制 方尖石塔,X 倍率直接进 Π 项再乘一次"
C 复制(通用),帕奇欧,星座,"帕奇欧 复制 星座,X 倍率直接进 Π 项再乘一次"
C 复制(通用),帕奇欧,杂技演员,"帕奇欧 复制 杂技演员,X 倍率直接进 Π 项再乘一次"
C 复制(通用),帕奇欧,棒球卡,"帕奇欧 复制 棒球卡,X 倍率直接进 Π 项再乘一次"
C 复制(通用),帕奇欧,模具小丑,"帕奇欧 复制 模具小丑,X 倍率直接进 Π 项再乘一次"
C 复制(通用),帕奇欧,照片,"帕奇欧 复制 照片,X 倍率直接进 Π 项再乘一次"
C 复制(通用),帕奇欧,特里布莱,"帕奇欧 复制 特里布莱,X 倍率直接进 Π 项再乘一次"
C 复制(通用),帕奇欧,玻璃小丑,"帕奇欧 复制 玻璃小丑,X 倍率直接进 Π 项再乘一次"
C 复制(通用),帕奇欧,男爵,"帕奇欧 复制 男爵,X 倍率直接进 Π 项再乘一次"
C 复制(通用),帕奇欧,疯狂,"帕奇欧 复制 疯狂,X 倍率直接进 Π 项再乘一次"
C 复制(通用),帕奇欧,秩序,"帕奇欧 复制 秩序,X 倍率直接进 Π 项再乘一次"
C 复制(通用),帕奇欧,积分卡,"帕奇欧 复制 积分卡,X 倍率直接进 Π 项再乘一次"
C 复制(通用),帕奇欧,篝火,"帕奇欧 复制 篝火,X 倍率直接进 Π 项再乘一次"
C 复制(通用),帕奇欧,约里克,"帕奇欧 复制 约里克,X 倍率直接进 Π 项再乘一次"
C 复制(通用),帕奇欧,老千小丑,"帕奇欧 复制 老千小丑,X 倍率直接进 Π 项再乘一次"
C 复制(通用),帕奇欧,花盆,"帕奇欧 复制 花盆,X 倍率直接进 Π 项再乘一次"
C 复制(通用),帕奇欧,血石,"帕奇欧 复制 血石,X 倍率直接进 Π 项再乘一次"
C 复制(通用),帕奇欧,部落,"帕奇欧 复制 部落,X 倍率直接进 Π 项再乘一次"
C 复制(通用),帕奇欧,重影,"帕奇欧 复制 重影,X 倍率直接进 Π 项再乘一次"
C 复制(通用),帕奇欧,钢铁小丑,"帕奇欧 复制 钢铁小丑,X 倍率直接进 Π 项再乘一次"
C 复制(通用),帕奇欧,驾驶执照,"帕奇欧 复制 驾驶执照,X 倍率直接进 Π 项再乘一次"
C 复制(通用),帕奇欧,黑板,"帕奇欧 复制 黑板,X 倍率直接进 Π 项再乘一次"
C 复制(通用),蓝图,一家人,"蓝图 复制 一家人,X 倍率直接进 Π 项再乘一次"
C 复制(通用),蓝图,三重奏,"蓝图 复制 三重奏,X 倍率直接进 Π 项再乘一次"
C 复制(通用),蓝图,上路吧杰克,"蓝图 复制 上路吧杰克,X 倍率直接进 Π 项再乘一次"
C 复制(通用),蓝图,二重奏,"蓝图 复制 二重奏,X 倍率直接进 Π 项再乘一次"
C 复制(通用),蓝图,偶像,"蓝图 复制 偶像,X 倍率直接进 Π 项再乘一次"
C 复制(通用),蓝图,全息影像,"蓝图 复制 全息影像,X 倍率直接进 Π 项再乘一次"
C 复制(通用),蓝图,卡尼奥,"蓝图 复制 卡尼奥,X 倍率直接进 Π 项再乘一次"
C 复制(通用),蓝图,卡文迪什,"蓝图 复制 卡文迪什,X 倍率直接进 Π 项再乘一次"
C 复制(通用),蓝图,古老小丑,"蓝图 复制 古老小丑,X 倍率直接进 Π 项再乘一次"
C 复制(通用),蓝图,吸血鬼,"蓝图 复制 吸血鬼,X 倍率直接进 Π 项再乘一次"
C 复制(通用),蓝图,回溯,"蓝图 复制 回溯,X 倍率直接进 Π 项再乘一次"
C 复制(通用),蓝图,拉面,"蓝图 复制 拉面,X 倍率直接进 Π 项再乘一次"
C 复制(通用),蓝图,招财猫,"蓝图 复制 招财猫,X 倍率直接进 Π 项再乘一次"
C 复制(通用),蓝图,方尖石塔,"蓝图 复制 方尖石塔,X 倍率直接进 Π 项再乘一次"
C 复制(通用),蓝图,星座,"蓝图 复制 星座,X 倍率直接进 Π 项再乘一次"
C 复制(通用),蓝图,杂技演员,"蓝图 复制 杂技演员,X 倍率直接进 Π 项再乘一次"
C 复制(通用),蓝图,棒球卡,"蓝图 复制 棒球卡,X 倍率直接进 Π 项再乘一次"
C 复制(通用),蓝图,模具小丑,"蓝图 复制 模具小丑,X 倍率直接进 Π 项再乘一次"
C 复制(通用),蓝图,照片,"蓝图 复制 照片,X 倍率直接进 Π 项再乘一次"
C 复制(通用),蓝图,特里布莱,"蓝图 复制 特里布莱,X 倍率直接进 Π 项再乘一次"
C 复制(通用),蓝图,玻璃小丑,"蓝图 复制 玻璃小丑,X 倍率直接进 Π 项再乘一次"
C 复制(通用),蓝图,男爵,"蓝图 复制 男爵,X 倍率直接进 Π 项再乘一次"
C 复制(通用),蓝图,疯狂,"蓝图 复制 疯狂,X 倍率直接进 Π 项再乘一次"
C 复制(通用),蓝图,秩序,"蓝图 复制 秩序,X 倍率直接进 Π 项再乘一次"
C 复制(通用),蓝图,积分卡,"蓝图 复制 积分卡,X 倍率直接进 Π 项再乘一次"
C 复制(通用),蓝图,篝火,"蓝图 复制 篝火,X 倍率直接进 Π 项再乘一次"
C 复制(通用),蓝图,约里克,"蓝图 复制 约里克,X 倍率直接进 Π 项再乘一次"
C 复制(通用),蓝图,老千小丑,"蓝图 复制 老千小丑,X 倍率直接进 Π 项再乘一次"
C 复制(通用),蓝图,花盆,"蓝图 复制 花盆,X 倍率直接进 Π 项再乘一次"
C 复制(通用),蓝图,血石,"蓝图 复制 血石,X 倍率直接进 Π 项再乘一次"
C 复制(通用),蓝图,部落,"蓝图 复制 部落,X 倍率直接进 Π 项再乘一次"
C 复制(通用),蓝图,重影,"蓝图 复制 重影,X 倍率直接进 Π 项再乘一次"
C 复制(通用),蓝图,钢铁小丑,"蓝图 复制 钢铁小丑,X 倍率直接进 Π 项再乘一次"
C 复制(通用),蓝图,驾驶执照,"蓝图 复制 驾驶执照,X 倍率直接进 Π 项再乘一次"
C 复制(通用),蓝图,黑板,"蓝图 复制 黑板,X 倍率直接进 Π 项再乘一次"
C 复制(通用),隐形小丑,一家人,"隐形小丑 复制 一家人,X 倍率直接进 Π 项再乘一次"
C 复制(通用),隐形小丑,三重奏,"隐形小丑 复制 三重奏,X 倍率直接进 Π 项再乘一次"
C 复制(通用),隐形小丑,上路吧杰克,"隐形小丑 复制 上路吧杰克,X 倍率直接进 Π 项再乘一次"
C 复制(通用),隐形小丑,二重奏,"隐形小丑 复制 二重奏,X 倍率直接进 Π 项再乘一次"
C 复制(通用),隐形小丑,偶像,"隐形小丑 复制 偶像,X 倍率直接进 Π 项再乘一次"
C 复制(通用),隐形小丑,全息影像,"隐形小丑 复制 全息影像,X 倍率直接进 Π 项再乘一次"
C 复制(通用),隐形小丑,卡尼奥,"隐形小丑 复制 卡尼奥,X 倍率直接进 Π 项再乘一次"
C 复制(通用),隐形小丑,卡文迪什,"隐形小丑 复制 卡文迪什,X 倍率直接进 Π 项再乘一次"
C 复制(通用),隐形小丑,古老小丑,"隐形小丑 复制 古老小丑,X 倍率直接进 Π 项再乘一次"
C 复制(通用),隐形小丑,吸血鬼,"隐形小丑 复制 吸血鬼,X 倍率直接进 Π 项再乘一次"
C 复制(通用),隐形小丑,回溯,"隐形小丑 复制 回溯,X 倍率直接进 Π 项再乘一次"
C 复制(通用),隐形小丑,拉面,"隐形小丑 复制 拉面,X 倍率直接进 Π 项再乘一次"
C 复制(通用),隐形小丑,招财猫,"隐形小丑 复制 招财猫,X 倍率直接进 Π 项再乘一次"
C 复制(通用),隐形小丑,方尖石塔,"隐形小丑 复制 方尖石塔,X 倍率直接进 Π 项再乘一次"
C 复制(通用),隐形小丑,星座,"隐形小丑 复制 星座,X 倍率直接进 Π 项再乘一次"
C 复制(通用),隐形小丑,杂技演员,"隐形小丑 复制 杂技演员,X 倍率直接进 Π 项再乘一次"
C 复制(通用),隐形小丑,棒球卡,"隐形小丑 复制 棒球卡,X 倍率直接进 Π 项再乘一次"
C 复制(通用),隐形小丑,模具小丑,"隐形小丑 复制 模具小丑,X 倍率直接进 Π 项再乘一次"
C 复制(通用),隐形小丑,照片,"隐形小丑 复制 照片,X 倍率直接进 Π 项再乘一次"
C 复制(通用),隐形小丑,特里布莱,"隐形小丑 复制 特里布莱,X 倍率直接进 Π 项再乘一次"
C 复制(通用),隐形小丑,玻璃小丑,"隐形小丑 复制 玻璃小丑,X 倍率直接进 Π 项再乘一次"
C 复制(通用),隐形小丑,男爵,"隐形小丑 复制 男爵,X 倍率直接进 Π 项再乘一次"
C 复制(通用),隐形小丑,疯狂,"隐形小丑 复制 疯狂,X 倍率直接进 Π 项再乘一次"
C 复制(通用),隐形小丑,秩序,"隐形小丑 复制 秩序,X 倍率直接进 Π 项再乘一次"
C 复制(通用),隐形小丑,积分卡,"隐形小丑 复制 积分卡,X 倍率直接进 Π 项再乘一次"
C 复制(通用),隐形小丑,篝火,"隐形小丑 复制 篝火,X 倍率直接进 Π 项再乘一次"
C 复制(通用),隐形小丑,约里克,"隐形小丑 复制 约里克,X 倍率直接进 Π 项再乘一次"
C 复制(通用),隐形小丑,老千小丑,"隐形小丑 复制 老千小丑,X 倍率直接进 Π 项再乘一次"
C 复制(通用),隐形小丑,花盆,"隐形小丑 复制 花盆,X 倍率直接进 Π 项再乘一次"
C 复制(通用),隐形小丑,血石,"隐形小丑 复制 血石,X 倍率直接进 Π 项再乘一次"
C 复制(通用),隐形小丑,部落,"隐形小丑 复制 部落,X 倍率直接进 Π 项再乘一次"
C 复制(通用),隐形小丑,重影,"隐形小丑 复制 重影,X 倍率直接进 Π 项再乘一次"
C 复制(通用),隐形小丑,钢铁小丑,"隐形小丑 复制 钢铁小丑,X 倍率直接进 Π 项再乘一次"
C 复制(通用),隐形小丑,驾驶执照,"隐形小丑 复制 驾驶执照,X 倍率直接进 Π 项再乘一次"
C 复制(通用),隐形小丑,黑板,"隐形小丑 复制 黑板,X 倍率直接进 Π 项再乘一次"
E 使能器(通用),四指,一家人,"同花/顺子只要 4 张,同花与顺子系的触发率大涨"
E 使能器(通用),四指,三重奏,"同花/顺子只要 4 张,同花与顺子系的触发率大涨"
E 使能器(通用),四指,二重奏,"同花/顺子只要 4 张,同花与顺子系的触发率大涨"
E 使能器(通用),四指,偶像,"同花/顺子只要 4 张,同花与顺子系的触发率大涨"
E 使能器(通用),四指,半张小丑,"同花/顺子只要 4 张,同花与顺子系的触发率大涨"
E 使能器(通用),四指,卡文迪什,"同花/顺子只要 4 张,同花与顺子系的触发率大涨"
E 使能器(通用),四指,叠加态,"同花/顺子只要 4 张,同花与顺子系的触发率大涨"
E 使能器(通用),四指,古怪小丑,"同花/顺子只要 4 张,同花与顺子系的触发率大涨"
E 使能器(通用),四指,古老小丑,"同花/顺子只要 4 张,同花与顺子系的触发率大涨"
E 使能器(通用),四指,城堡,"同花/顺子只要 4 张,同花与顺子系的触发率大涨"
E 使能器(通用),四指,备用裤子,"同花/顺子只要 4 张,同花与顺子系的触发率大涨"
E 使能器(通用),四指,太空小丑,"同花/顺子只要 4 张,同花与顺子系的触发率大涨"
E 使能器(通用),四指,奸诈小丑,"同花/顺子只要 4 张,同花与顺子系的触发率大涨"
E 使能器(通用),四指,小丑,"同花/顺子只要 4 张,同花与顺子系的触发率大涨"
E 使能器(通用),四指,开心小丑,"同花/顺子只要 4 张,同花与顺子系的触发率大涨"
E 使能器(通用),四指,待办清单,"同花/顺子只要 4 张,同花与顺子系的触发率大涨"
E 使能器(通用),四指,愤怒小丑,"同花/顺子只要 4 张,同花与顺子系的触发率大涨"
E 使能器(通用),四指,方尖石塔,"同花/顺子只要 4 张,同花与顺子系的触发率大涨"
E 使能器(通用),四指,方形小丑,"同花/顺子只要 4 张,同花与顺子系的触发率大涨"
E 使能器(通用),四指,暴食小丑,"同花/顺子只要 4 张,同花与顺子系的触发率大涨"
E 使能器(通用),四指,杂技演员,"同花/顺子只要 4 张,同花与顺子系的触发率大涨"
E 使能器(通用),四指,滑稽小丑,"同花/顺子只要 4 张,同花与顺子系的触发率大涨"
E 使能器(通用),四指,烧焦小丑,"同花/顺子只要 4 张,同花与顺子系的触发率大涨"
E 使能器(通用),四指,狂野小丑,"同花/顺子只要 4 张,同花与顺子系的触发率大涨"
E 使能器(通用),四指,狡猾小丑,"同花/顺子只要 4 张,同花与顺子系的触发率大涨"
E 使能器(通用),四指,璞玉,"同花/顺子只要 4 张,同花与顺子系的触发率大涨"
E 使能器(通用),四指,疯狂小丑,"同花/顺子只要 4 张,同花与顺子系的触发率大涨"
E 使能器(通用),四指,秩序,"同花/顺子只要 4 张,同花与顺子系的触发率大涨"
E 使能器(通用),四指,箭头,"同花/顺子只要 4 张,同花与顺子系的触发率大涨"
E 使能器(通用),四指,精明小丑,"同花/顺子只要 4 张,同花与顺子系的触发率大涨"
E 使能器(通用),四指,缟玛瑙,"同花/顺子只要 4 张,同花与顺子系的触发率大涨"
E 使能器(通用),四指,老千小丑,"同花/顺子只要 4 张,同花与顺子系的触发率大涨"
E 使能器(通用),四指,聪敏小丑,"同花/顺子只要 4 张,同花与顺子系的触发率大涨"
E 使能器(通用),四指,色欲小丑,"同花/顺子只要 4 张,同花与顺子系的触发率大涨"
E 使能器(通用),四指,花盆,"同花/顺子只要 4 张,同花与顺子系的触发率大涨"
E 使能器(通用),四指,血石,"同花/顺子只要 4 张,同花与顺子系的触发率大涨"
E 使能器(通用),四指,贪婪小丑,"同花/顺子只要 4 张,同花与顺子系的触发率大涨"
E 使能器(通用),四指,超新星,"同花/顺子只要 4 张,同花与顺子系的触发率大涨"
E 使能器(通用),四指,跑步选手,"同花/顺子只要 4 张,同花与顺子系的触发率大涨"
E 使能器(通用),四指,通灵,"同花/顺子只要 4 张,同花与顺子系的触发率大涨"
E 使能器(通用),四指,部落,"同花/顺子只要 4 张,同花与顺子系的触发率大涨"
E 使能器(通用),四指,重影,"同花/顺子只要 4 张,同花与顺子系的触发率大涨"
E 使能器(通用),四指,阴险小丑,"同花/顺子只要 4 张,同花与顺子系的触发率大涨"
E 使能器(通用),四指,黑板,"同花/顺子只要 4 张,同花与顺子系的触发率大涨"
E 使能器(通用),幻视,卡尼奥,"所有牌视为人头牌,人头牌流从「看运气摸到」变成每张都触发"
E 使能器(通用),幻视,名片,"所有牌视为人头牌,人头牌流从「看运气摸到」变成每张都触发"
E 使能器(通用),幻视,喜与悲,"所有牌视为人头牌,人头牌流从「看运气摸到」变成每张都触发"
E 使能器(通用),幻视,微笑表情,"所有牌视为人头牌,人头牌流从「看运气摸到」变成每张都触发"
E 使能器(通用),幻视,恐怖面孔,"所有牌视为人头牌,人头牌流从「看运气摸到」变成每张都触发"
E 使能器(通用),幻视,搭乘巴士,"所有牌视为人头牌,人头牌流从「看运气摸到」变成每张都触发"
E 使能器(通用),幻视,无面小丑,"所有牌视为人头牌,人头牌流从「看运气摸到」变成每张都触发"
E 使能器(通用),幻视,照片,"所有牌视为人头牌,人头牌流从「看运气摸到」变成每张都触发"
E 使能器(通用),幻视,特里布莱,"所有牌视为人头牌,人头牌流从「看运气摸到」变成每张都触发"
E 使能器(通用),幻视,私人车位,"所有牌视为人头牌,人头牌流从「看运气摸到」变成每张都触发"
E 使能器(通用),幻视,迈达斯面具,"所有牌视为人头牌,人头牌流从「看运气摸到」变成每张都触发"
E 使能器(通用),捷径,一家人,"顺子可隔 1 点,顺子系的触发率大涨"
E 使能器(通用),捷径,三重奏,"顺子可隔 1 点,顺子系的触发率大涨"
E 使能器(通用),捷径,二重奏,"顺子可隔 1 点,顺子系的触发率大涨"
E 使能器(通用),捷径,半张小丑,"顺子可隔 1 点,顺子系的触发率大涨"
E 使能器(通用),捷径,卡文迪什,"顺子可隔 1 点,顺子系的触发率大涨"
E 使能器(通用),捷径,叠加态,"顺子可隔 1 点,顺子系的触发率大涨"
E 使能器(通用),捷径,古怪小丑,"顺子可隔 1 点,顺子系的触发率大涨"
E 使能器(通用),捷径,备用裤子,"顺子可隔 1 点,顺子系的触发率大涨"
E 使能器(通用),捷径,太空小丑,"顺子可隔 1 点,顺子系的触发率大涨"
E 使能器(通用),捷径,奸诈小丑,"顺子可隔 1 点,顺子系的触发率大涨"
E 使能器(通用),捷径,小丑,"顺子可隔 1 点,顺子系的触发率大涨"
E 使能器(通用),捷径,开心小丑,"顺子可隔 1 点,顺子系的触发率大涨"
E 使能器(通用),捷径,待办清单,"顺子可隔 1 点,顺子系的触发率大涨"
E 使能器(通用),捷径,方尖石塔,"顺子可隔 1 点,顺子系的触发率大涨"
E 使能器(通用),捷径,方形小丑,"顺子可隔 1 点,顺子系的触发率大涨"
E 使能器(通用),捷径,杂技演员,"顺子可隔 1 点,顺子系的触发率大涨"
E 使能器(通用),捷径,滑稽小丑,"顺子可隔 1 点,顺子系的触发率大涨"
E 使能器(通用),捷径,烧焦小丑,"顺子可隔 1 点,顺子系的触发率大涨"
E 使能器(通用),捷径,狂野小丑,"顺子可隔 1 点,顺子系的触发率大涨"
E 使能器(通用),捷径,狡猾小丑,"顺子可隔 1 点,顺子系的触发率大涨"
E 使能器(通用),捷径,疯狂小丑,"顺子可隔 1 点,顺子系的触发率大涨"
E 使能器(通用),捷径,秩序,"顺子可隔 1 点,顺子系的触发率大涨"
E 使能器(通用),捷径,精明小丑,"顺子可隔 1 点,顺子系的触发率大涨"
E 使能器(通用),捷径,老千小丑,"顺子可隔 1 点,顺子系的触发率大涨"
E 使能器(通用),捷径,聪敏小丑,"顺子可隔 1 点,顺子系的触发率大涨"
E 使能器(通用),捷径,超新星,"顺子可隔 1 点,顺子系的触发率大涨"
E 使能器(通用),捷径,跑步选手,"顺子可隔 1 点,顺子系的触发率大涨"
E 使能器(通用),捷径,通灵,"顺子可隔 1 点,顺子系的触发率大涨"
E 使能器(通用),捷径,部落,"顺子可隔 1 点,顺子系的触发率大涨"
E 使能器(通用),捷径,阴险小丑,"顺子可隔 1 点,顺子系的触发率大涨"
E 使能器(通用),模糊小丑,偶像,"红桃=方片、黑桃=梅花,同花系的触发率大涨"
E 使能器(通用),模糊小丑,古老小丑,"红桃=方片、黑桃=梅花,同花系的触发率大涨"
E 使能器(通用),模糊小丑,城堡,"红桃=方片、黑桃=梅花,同花系的触发率大涨"
E 使能器(通用),模糊小丑,愤怒小丑,"红桃=方片、黑桃=梅花,同花系的触发率大涨"
E 使能器(通用),模糊小丑,暴食小丑,"红桃=方片、黑桃=梅花,同花系的触发率大涨"
E 使能器(通用),模糊小丑,璞玉,"红桃=方片、黑桃=梅花,同花系的触发率大涨"
E 使能器(通用),模糊小丑,箭头,"红桃=方片、黑桃=梅花,同花系的触发率大涨"
E 使能器(通用),模糊小丑,缟玛瑙,"红桃=方片、黑桃=梅花,同花系的触发率大涨"
E 使能器(通用),模糊小丑,色欲小丑,"红桃=方片、黑桃=梅花,同花系的触发率大涨"
E 使能器(通用),模糊小丑,花盆,"红桃=方片、黑桃=梅花,同花系的触发率大涨"
E 使能器(通用),模糊小丑,血石,"红桃=方片、黑桃=梅花,同花系的触发率大涨"
E 使能器(通用),模糊小丑,贪婪小丑,"红桃=方片、黑桃=梅花,同花系的触发率大涨"
E 使能器(通用),模糊小丑,重影,"红桃=方片、黑桃=梅花,同花系的触发率大涨"
E 使能器(通用),模糊小丑,黑板,"红桃=方片、黑桃=梅花,同花系的触发率大涨"
E 使能器(通用),飞溅,偶像,"所有打出的牌都计分,逐张计分类的触发张数从 2~3 拉满到 5"
E 使能器(通用),飞溅,偶数史蒂文,"所有打出的牌都计分,逐张计分类的触发张数从 2~3 拉满到 5"
E 使能器(通用),飞溅,古老小丑,"所有打出的牌都计分,逐张计分类的触发张数从 2~3 拉满到 5"
E 使能器(通用),飞溅,奇数托德,"所有打出的牌都计分,逐张计分类的触发张数从 2~3 拉满到 5"
E 使能器(通用),飞溅,学者,"所有打出的牌都计分,逐张计分类的触发张数从 2~3 拉满到 5"
E 使能器(通用),飞溅,对讲机,"所有打出的牌都计分,逐张计分类的触发张数从 2~3 拉满到 5"
E 使能器(通用),飞溅,小小丑,"所有打出的牌都计分,逐张计分类的触发张数从 2~3 拉满到 5"
E 使能器(通用),飞溅,徒步者,"所有打出的牌都计分,逐张计分类的触发张数从 2~3 拉满到 5"
E 使能器(通用),飞溅,微笑表情,"所有打出的牌都计分,逐张计分类的触发张数从 2~3 拉满到 5"
E 使能器(通用),飞溅,恐怖面孔,"所有打出的牌都计分,逐张计分类的触发张数从 2~3 拉满到 5"
E 使能器(通用),飞溅,愤怒小丑,"所有打出的牌都计分,逐张计分类的触发张数从 2~3 拉满到 5"
E 使能器(通用),飞溅,斐波那契,"所有打出的牌都计分,逐张计分类的触发张数从 2~3 拉满到 5"
E 使能器(通用),飞溅,暴食小丑,"所有打出的牌都计分,逐张计分类的触发张数从 2~3 拉满到 5"
E 使能器(通用),飞溅,特里布莱,"所有打出的牌都计分,逐张计分类的触发张数从 2~3 拉满到 5"
E 使能器(通用),飞溅,璞玉,"所有打出的牌都计分,逐张计分类的触发张数从 2~3 拉满到 5"
E 使能器(通用),飞溅,箭头,"所有打出的牌都计分,逐张计分类的触发张数从 2~3 拉满到 5"
E 使能器(通用),飞溅,缟玛瑙,"所有打出的牌都计分,逐张计分类的触发张数从 2~3 拉满到 5"
E 使能器(通用),飞溅,色欲小丑,"所有打出的牌都计分,逐张计分类的触发张数从 2~3 拉满到 5"
E 使能器(通用),飞溅,血石,"所有打出的牌都计分,逐张计分类的触发张数从 2~3 拉满到 5"
E 使能器(通用),飞溅,贪婪小丑,"所有打出的牌都计分,逐张计分类的触发张数从 2~3 拉满到 5"
E 使能器(通用),马戏团长,八号球,"消耗品可同时出现复数张,消耗品流的吞吐翻倍"
E 使能器(通用),马戏团长,占卜师,"消耗品可同时出现复数张,消耗品流的吞吐翻倍"
E 使能器(通用),马戏团长,卡牌术士,"消耗品可同时出现复数张,消耗品流的吞吐翻倍"
E 使能器(通用),马戏团长,卫星,"消耗品可同时出现复数张,消耗品流的吞吐翻倍"
E 使能器(通用),马戏团长,叠加态,"消耗品可同时出现复数张,消耗品流的吞吐翻倍"
E 使能器(通用),马戏团长,天文学家,"消耗品可同时出现复数张,消耗品流的吞吐翻倍"
E 使能器(通用),马戏团长,太空小丑,"消耗品可同时出现复数张,消耗品流的吞吐翻倍"
E 使能器(通用),马戏团长,帕奇欧,"消耗品可同时出现复数张,消耗品流的吞吐翻倍"
E 使能器(通用),马戏团长,幻觉,"消耗品可同时出现复数张,消耗品流的吞吐翻倍"
E 使能器(通用),马戏团长,星座,"消耗品可同时出现复数张,消耗品流的吞吐翻倍"
E 使能器(通用),马戏团长,流浪者,"消耗品可同时出现复数张,消耗品流的吞吐翻倍"
E 使能器(通用),马戏团长,第六感,"消耗品可同时出现复数张,消耗品流的吞吐翻倍"
E 使能器(通用),马戏团长,通灵,"消耗品可同时出现复数张,消耗品流的吞吐翻倍"
O 概率翻倍,六六大顺,八号球,1/4 生成塔罗 -> 1/2
O 概率翻倍,六六大顺,卡文迪什,"⚠ 1/1000 自毁 -> 1/500,反效果"
O 概率翻倍,六六大顺,名片,1/2 给 $2 -> 必定
O 概率翻倍,六六大顺,大麦克香蕉,"⚠ 1/6 自毁 -> 1/3,反效果"
O 概率翻倍,六六大顺,太空小丑,1/4 升级牌型 -> 1/2
O 概率翻倍,六六大顺,幻觉,开包生成塔罗的几率翻倍
O 概率翻倍,六六大顺,招财猫,幸运牌触发率翻倍
O 概率翻倍,六六大顺,私人车位,1/2 给 $1 -> 必定
O 概率翻倍,六六大顺,血石,1/2 给 X1.5 -> 必定触发
P 产销,DNA,蓝色小丑,"DNA 产出牌组张数,蓝色小丑 直接吃这个存量"
P 产销,全息影像,蓝色小丑,"全息影像 产出牌组张数,蓝色小丑 直接吃这个存量"
P 产销,八号球,占卜师,"八号球 产出塔罗牌,占卜师 直接吃这个存量"
P 产销,卡牌术士,占卜师,"卡牌术士 产出塔罗牌,占卜师 直接吃这个存量"
P 产销,叠加态,占卜师,"叠加态 产出塔罗牌,占卜师 直接吃这个存量"
P 产销,大理石小丑,石头小丑,"大理石小丑 产出石头牌,石头小丑 直接吃这个存量"
P 产销,天文学家,卫星,"天文学家 产出星球牌,卫星 直接吃这个存量"
P 产销,天文学家,星座,"天文学家 产出星球牌,星座 直接吃这个存量"
P 产销,太空小丑,超新星,"太空小丑 产出牌型等级,超新星 直接吃这个存量"
P 产销,幻觉,占卜师,"幻觉 产出塔罗牌,占卜师 直接吃这个存量"
P 产销,流浪者,占卜师,"流浪者 产出塔罗牌,占卜师 直接吃这个存量"
P 产销,烧焦小丑,超新星,"烧焦小丑 产出牌型等级,超新星 直接吃这个存量"
P 产销,迈达斯面具,黄金门票,"迈达斯面具 产出黄金牌,黄金门票 直接吃这个存量"
P 产销(反向),DNA,侵蚀,"⚠ DNA 产出牌组张数,反而削弱 侵蚀"
P 产销(反向),全息影像,侵蚀,"⚠ 全息影像 产出牌组张数,反而削弱 侵蚀"
P 外部燃料,塔(塔罗),吸血鬼,"石头牌 不在小丑池里,吸血鬼 的燃料只能靠它产出"
P 外部燃料,塔(塔罗),石头小丑,"石头牌 不在小丑池里,石头小丑 的燃料只能靠它产出"
P 外部燃料,塔(塔罗),驾驶执照,"石头牌 不在小丑池里,驾驶执照 的燃料只能靠它产出"
P 外部燃料,恋人(塔罗),吸血鬼,"万能牌 不在小丑池里,吸血鬼 的燃料只能靠它产出"
P 外部燃料,恋人(塔罗),驾驶执照,"万能牌 不在小丑池里,驾驶执照 的燃料只能靠它产出"
P 外部燃料,恶魔(塔罗),吸血鬼,"黄金牌 不在小丑池里,吸血鬼 的燃料只能靠它产出"
P 外部燃料,恶魔(塔罗),驾驶执照,"黄金牌 不在小丑池里,驾驶执照 的燃料只能靠它产出"
P 外部燃料,恶魔(塔罗),黄金门票,"黄金牌 不在小丑池里,黄金门票 的燃料只能靠它产出"
P 外部燃料,战车(塔罗),吸血鬼,"钢铁牌 不在小丑池里,吸血鬼 的燃料只能靠它产出"
P 外部燃料,战车(塔罗),钢铁小丑,"钢铁牌 不在小丑池里,钢铁小丑 的燃料只能靠它产出"
P 外部燃料,战车(塔罗),驾驶执照,"钢铁牌 不在小丑池里,驾驶执照 的燃料只能靠它产出"
P 外部燃料,教皇(塔罗),吸血鬼,"奖励牌 不在小丑池里,吸血鬼 的燃料只能靠它产出"
P 外部燃料,教皇(塔罗),驾驶执照,"奖励牌 不在小丑池里,驾驶执照 的燃料只能靠它产出"
P 外部燃料,正义(塔罗),吸血鬼,"玻璃牌 不在小丑池里,吸血鬼 的燃料只能靠它产出"
P 外部燃料,正义(塔罗),玻璃小丑,"玻璃牌 不在小丑池里,玻璃小丑 的燃料只能靠它产出"
P 外部燃料,正义(塔罗),驾驶执照,"玻璃牌 不在小丑池里,驾驶执照 的燃料只能靠它产出"
P 外部燃料,皇后(塔罗),吸血鬼,"倍率牌 不在小丑池里,吸血鬼 的燃料只能靠它产出"
P 外部燃料,皇后(塔罗),驾驶执照,"倍率牌 不在小丑池里,驾驶执照 的燃料只能靠它产出"
P 外部燃料,魔术师(塔罗),吸血鬼,"幸运牌 不在小丑池里,吸血鬼 的燃料只能靠它产出"
P 外部燃料,魔术师(塔罗),招财猫,"幸运牌 不在小丑池里,招财猫 的燃料只能靠它产出"
P 外部燃料,魔术师(塔罗),驾驶执照,"幸运牌 不在小丑池里,驾驶执照 的燃料只能靠它产出"
R 重复触发,哑剧演员,射月,"作用于留在手牌中的牌,和「打出的牌」是两批|全量(手牌里每张 Q 给 +13 倍率)"
R 重复触发,哑剧演员,男爵,"作用于留在手牌中的牌,和「打出的牌」是两批|全量(手牌里每张 K 给 X1.5)"
R 重复触发,哑剧演员,私人车位,"作用于留在手牌中的牌,和「打出的牌」是两批|全量(手牌里每张人头牌 1/2 给 $1)"
R 重复触发,哑剧演员,致胜之拳,"作用于留在手牌中的牌,和「打出的牌」是两批|全量(手牌里最小牌点数 ×2 加进倍率)"
R 重复触发,喜与悲,偶像,只作用于打出的人头牌|覆盖 子集(只有人头牌那几张)
R 重复触发,喜与悲,古老小丑,只作用于打出的人头牌|覆盖 子集(只有人头牌那几张)
R 重复触发,喜与悲,徒步者,只作用于打出的人头牌|覆盖 子集(只有人头牌那几张)
R 重复触发,喜与悲,微笑表情,只作用于打出的人头牌|覆盖 全量
R 重复触发,喜与悲,恐怖面孔,只作用于打出的人头牌|覆盖 全量
R 重复触发,喜与悲,愤怒小丑,只作用于打出的人头牌|覆盖 子集(只有人头牌那几张)
R 重复触发,喜与悲,暴食小丑,只作用于打出的人头牌|覆盖 子集(只有人头牌那几张)
R 重复触发,喜与悲,特里布莱,只作用于打出的人头牌|覆盖 全量
R 重复触发,喜与悲,璞玉,只作用于打出的人头牌|覆盖 子集(只有人头牌那几张)
R 重复触发,喜与悲,箭头,只作用于打出的人头牌|覆盖 子集(只有人头牌那几张)
R 重复触发,喜与悲,缟玛瑙,只作用于打出的人头牌|覆盖 子集(只有人头牌那几张)
R 重复触发,喜与悲,色欲小丑,只作用于打出的人头牌|覆盖 子集(只有人头牌那几张)
R 重复触发,喜与悲,血石,只作用于打出的人头牌|覆盖 子集(只有人头牌那几张)
R 重复触发,喜与悲,贪婪小丑,只作用于打出的人头牌|覆盖 子集(只有人头牌那几张)
R 重复触发,未断选票,偶像,"只作用于第一张计分牌,额外触发 2 次|覆盖 仅首张"
R 重复触发,未断选票,偶数史蒂文,"只作用于第一张计分牌,额外触发 2 次|覆盖 仅首张"
R 重复触发,未断选票,古老小丑,"只作用于第一张计分牌,额外触发 2 次|覆盖 仅首张"
R 重复触发,未断选票,奇数托德,"只作用于第一张计分牌,额外触发 2 次|覆盖 仅首张"
R 重复触发,未断选票,学者,"只作用于第一张计分牌,额外触发 2 次|覆盖 仅首张"
R 重复触发,未断选票,对讲机,"只作用于第一张计分牌,额外触发 2 次|覆盖 仅首张"
R 重复触发,未断选票,小小丑,"只作用于第一张计分牌,额外触发 2 次|覆盖 仅首张"
R 重复触发,未断选票,徒步者,"只作用于第一张计分牌,额外触发 2 次|覆盖 仅首张"
R 重复触发,未断选票,微笑表情,"只作用于第一张计分牌,额外触发 2 次|覆盖 仅首张"
R 重复触发,未断选票,恐怖面孔,"只作用于第一张计分牌,额外触发 2 次|覆盖 仅首张"
R 重复触发,未断选票,愤怒小丑,"只作用于第一张计分牌,额外触发 2 次|覆盖 仅首张"
R 重复触发,未断选票,斐波那契,"只作用于第一张计分牌,额外触发 2 次|覆盖 仅首张"
R 重复触发,未断选票,暴食小丑,"只作用于第一张计分牌,额外触发 2 次|覆盖 仅首张"
R 重复触发,未断选票,特里布莱,"只作用于第一张计分牌,额外触发 2 次|覆盖 仅首张"
R 重复触发,未断选票,璞玉,"只作用于第一张计分牌,额外触发 2 次|覆盖 仅首张"
R 重复触发,未断选票,箭头,"只作用于第一张计分牌,额外触发 2 次|覆盖 仅首张"
R 重复触发,未断选票,缟玛瑙,"只作用于第一张计分牌,额外触发 2 次|覆盖 仅首张"
R 重复触发,未断选票,色欲小丑,"只作用于第一张计分牌,额外触发 2 次|覆盖 仅首张"
R 重复触发,未断选票,血石,"只作用于第一张计分牌,额外触发 2 次|覆盖 仅首张"
R 重复触发,未断选票,贪婪小丑,"只作用于第一张计分牌,额外触发 2 次|覆盖 仅首张"
R 重复触发,烂脱口秀演员,偶像,只作用于打出的 2/3/4/5|覆盖 子集(只有 2~5 那几张)
R 重复触发,烂脱口秀演员,偶数史蒂文,只作用于打出的 2/3/4/5|覆盖 子集
R 重复触发,烂脱口秀演员,古老小丑,只作用于打出的 2/3/4/5|覆盖 子集(只有 2~5 那几张)
R 重复触发,烂脱口秀演员,奇数托德,只作用于打出的 2/3/4/5|覆盖 子集
R 重复触发,烂脱口秀演员,对讲机,只作用于打出的 2/3/4/5|覆盖 子集
R 重复触发,烂脱口秀演员,小小丑,只作用于打出的 2/3/4/5|覆盖 子集
R 重复触发,烂脱口秀演员,徒步者,只作用于打出的 2/3/4/5|覆盖 子集(只有 2~5 那几张)
R 重复触发,烂脱口秀演员,愤怒小丑,只作用于打出的 2/3/4/5|覆盖 子集(只有 2~5 那几张)
R 重复触发,烂脱口秀演员,斐波那契,只作用于打出的 2/3/4/5|覆盖 子集
R 重复触发,烂脱口秀演员,暴食小丑,只作用于打出的 2/3/4/5|覆盖 子集(只有 2~5 那几张)
R 重复触发,烂脱口秀演员,璞玉,只作用于打出的 2/3/4/5|覆盖 子集(只有 2~5 那几张)
R 重复触发,烂脱口秀演员,箭头,只作用于打出的 2/3/4/5|覆盖 子集(只有 2~5 那几张)
R 重复触发,烂脱口秀演员,缟玛瑙,只作用于打出的 2/3/4/5|覆盖 子集(只有 2~5 那几张)
R 重复触发,烂脱口秀演员,色欲小丑,只作用于打出的 2/3/4/5|覆盖 子集(只有 2~5 那几张)
R 重复触发,烂脱口秀演员,血石,只作用于打出的 2/3/4/5|覆盖 子集(只有 2~5 那几张)
R 重复触发,烂脱口秀演员,贪婪小丑,只作用于打出的 2/3/4/5|覆盖 子集(只有 2~5 那几张)
R 重复触发,苏打水,偶像,"接下来 10 次出牌,全部打出的牌各多触发 1 次|覆盖 全量"
R 重复触发,苏打水,偶数史蒂文,"接下来 10 次出牌,全部打出的牌各多触发 1 次|覆盖 全量"
R 重复触发,苏打水,古老小丑,"接下来 10 次出牌,全部打出的牌各多触发 1 次|覆盖 全量"
R 重复触发,苏打水,奇数托德,"接下来 10 次出牌,全部打出的牌各多触发 1 次|覆盖 全量"
R 重复触发,苏打水,学者,"接下来 10 次出牌,全部打出的牌各多触发 1 次|覆盖 全量"
R 重复触发,苏打水,对讲机,"接下来 10 次出牌,全部打出的牌各多触发 1 次|覆盖 全量"
R 重复触发,苏打水,小小丑,"接下来 10 次出牌,全部打出的牌各多触发 1 次|覆盖 全量"
R 重复触发,苏打水,徒步者,"接下来 10 次出牌,全部打出的牌各多触发 1 次|覆盖 全量"
R 重复触发,苏打水,微笑表情,"接下来 10 次出牌,全部打出的牌各多触发 1 次|覆盖 全量"
R 重复触发,苏打水,恐怖面孔,"接下来 10 次出牌,全部打出的牌各多触发 1 次|覆盖 全量"
R 重复触发,苏打水,愤怒小丑,"接下来 10 次出牌,全部打出的牌各多触发 1 次|覆盖 全量"
R 重复触发,苏打水,斐波那契,"接下来 10 次出牌,全部打出的牌各多触发 1 次|覆盖 全量"
R 重复触发,苏打水,暴食小丑,"接下来 10 次出牌,全部打出的牌各多触发 1 次|覆盖 全量"
R 重复触发,苏打水,特里布莱,"接下来 10 次出牌,全部打出的牌各多触发 1 次|覆盖 全量"
R 重复触发,苏打水,璞玉,"接下来 10 次出牌,全部打出的牌各多触发 1 次|覆盖 全量"
R 重复触发,苏打水,箭头,"接下来 10 次出牌,全部打出的牌各多触发 1 次|覆盖 全量"
R 重复触发,苏打水,缟玛瑙,"接下来 10 次出牌,全部打出的牌各多触发 1 次|覆盖 全量"
R 重复触发,苏打水,色欲小丑,"接下来 10 次出牌,全部打出的牌各多触发 1 次|覆盖 全量"
R 重复触发,苏打水,血石,"接下来 10 次出牌,全部打出的牌各多触发 1 次|覆盖 全量"
R 重复触发,苏打水,贪婪小丑,"接下来 10 次出牌,全部打出的牌各多触发 1 次|覆盖 全量"
R 重复触发,黄昏,偶像,"每回合最后一次出牌,全部打出的牌各多触发 1 次|覆盖 全量"
R 重复触发,黄昏,偶数史蒂文,"每回合最后一次出牌,全部打出的牌各多触发 1 次|覆盖 全量"
R 重复触发,黄昏,古老小丑,"每回合最后一次出牌,全部打出的牌各多触发 1 次|覆盖 全量"
R 重复触发,黄昏,奇数托德,"每回合最后一次出牌,全部打出的牌各多触发 1 次|覆盖 全量"
R 重复触发,黄昏,学者,"每回合最后一次出牌,全部打出的牌各多触发 1 次|覆盖 全量"
R 重复触发,黄昏,对讲机,"每回合最后一次出牌,全部打出的牌各多触发 1 次|覆盖 全量"
R 重复触发,黄昏,小小丑,"每回合最后一次出牌,全部打出的牌各多触发 1 次|覆盖 全量"
R 重复触发,黄昏,徒步者,"每回合最后一次出牌,全部打出的牌各多触发 1 次|覆盖 全量"
R 重复触发,黄昏,微笑表情,"每回合最后一次出牌,全部打出的牌各多触发 1 次|覆盖 全量"
R 重复触发,黄昏,恐怖面孔,"每回合最后一次出牌,全部打出的牌各多触发 1 次|覆盖 全量"
R 重复触发,黄昏,愤怒小丑,"每回合最后一次出牌,全部打出的牌各多触发 1 次|覆盖 全量"
R 重复触发,黄昏,斐波那契,"每回合最后一次出牌,全部打出的牌各多触发 1 次|覆盖 全量"
R 重复触发,黄昏,暴食小丑,"每回合最后一次出牌,全部打出的牌各多触发 1 次|覆盖 全量"
R 重复触发,黄昏,特里布莱,"每回合最后一次出牌,全部打出的牌各多触发 1 次|覆盖 全量"
R 重复触发,黄昏,璞玉,"每回合最后一次出牌,全部打出的牌各多触发 1 次|覆盖 全量"
R 重复触发,黄昏,箭头,"每回合最后一次出牌,全部打出的牌各多触发 1 次|覆盖 全量"
R 重复触发,黄昏,缟玛瑙,"每回合最后一次出牌,全部打出的牌各多触发 1 次|覆盖 全量"
R 重复触发,黄昏,色欲小丑,"每回合最后一次出牌,全部打出的牌各多触发 1 次|覆盖 全量"
R 重复触发,黄昏,血石,"每回合最后一次出牌,全部打出的牌各多触发 1 次|覆盖 全量"
R 重复触发,黄昏,贪婪小丑,"每回合最后一次出牌,全部打出的牌各多触发 1 次|覆盖 全量"
