index,content,difficulty,board,row,column
1,"3, 6, 4, 3, 3, 5, 5, 8, 4, 5, 2, 6, 0, 3, 1, 8, 2, 0, 5, 1, 8, 9, 0, 7, 7, 6, 8, 0, 9, 9, 6, 1, 2, 4, 4, 2, 1, 9, 7, 7",25.126,1,8,5
2,"7, 9, 5, 4, 5, 7, 4, 2, 4, 2, 1, 4, 0, 9, 6, 2, 2, 0, 1, 7, 8, 1, 0, 3, 6, 5, 6, 0, 8, 6, 3, 3, 1, 8, 7, 8, 5, 3, 9, 9",26.345,1,8,5
3,"8, 5, 5, 4, 4, 8, 4, 4, 9, 5, 1, 7, 0, 9, 8, 5, 8, 0, 1, 6, 7, 7, 0, 7, 3, 1, 2, 0, 2, 6, 3, 9, 3, 2, 3, 1, 9, 6, 2, 6",26.796,1,8,5
4,"6, 8, 5, 5, 4, 1, 8, 3, 2, 2, 6, 1, 0, 4, 5, 4, 9, 0, 5, 3, 7, 4, 0, 2, 6, 1, 1, 0, 2, 9, 7, 7, 8, 3, 3, 9, 7, 8, 9, 6",26.869,1,8,5
5,"4, 1, 4, 7, 7, 1, 9, 5, 8, 8, 7, 5, 0, 1, 9, 3, 3, 0, 5, 3, 7, 4, 0, 9, 4, 1, 5, 0, 2, 8, 6, 2, 2, 6, 8, 6, 9, 2, 6, 3",27.271,1,8,5
6,"5, 7, 7, 5, 1, 1, 8, 7, 1, 1, 5, 9, 0, 8, 6, 3, 4, 0, 6, 4, 2, 5, 0, 4, 3, 9, 7, 0, 9, 6, 9, 2, 2, 8, 4, 2, 3, 3, 8, 6",27.823,1,8,5
7,"7, 1, 1, 9, 6, 6, 3, 8, 1, 1, 2, 3, 0, 7, 6, 7, 8, 0, 3, 4, 3, 6, 0, 2, 9, 7, 9, 0, 5, 4, 4, 4, 9, 2, 5, 2, 5, 8, 8, 5",28.013,1,8,5
8,"6, 2, 2, 6, 6, 6, 5, 4, 5, 7, 3, 7, 0, 2, 8, 1, 5, 0, 4, 8, 3, 9, 0, 1, 5, 8, 4, 0, 8, 2, 7, 4, 3, 7, 3, 9, 9, 1, 9, 1",28.116,1,8,5
9,"2, 5, 1, 7, 9, 1, 5, 7, 7, 6, 2, 3, 0, 2, 9, 7, 4, 0, 5, 6, 5, 3, 0, 8, 3, 4, 2, 0, 9, 3, 4, 8, 6, 4, 9, 1, 1, 8, 6, 8",28.181,1,8,5
10,"7, 7, 4, 1, 1, 1, 3, 9, 2, 1, 5, 9, 0, 4, 5, 8, 3, 0, 3, 2, 8, 6, 0, 3, 4, 4, 6, 0, 8, 9, 2, 2, 8, 7, 7, 6, 5, 5, 9, 6",28.221,1,8,5
11,"6, 2, 8, 2, 8, 3, 4, 6, 4, 7, 9, 5, 0, 1, 5, 6, 5, 0, 9, 9, 9, 1, 0, 7, 5, 3, 8, 0, 4, 2, 6, 4, 1, 2, 1, 8, 3, 3, 7, 7",28.255,1,8,5
12,"8, 2, 5, 1, 7, 8, 6, 5, 3, 3, 5, 9, 0, 2, 7, 4, 2, 0, 5, 9, 6, 8, 0, 1, 2, 4, 9, 0, 6, 4, 3, 8, 9, 7, 4, 3, 1, 6, 1, 7",28.455,1,8,5
13,"2, 9, 7, 7, 8, 2, 1, 6, 1, 1, 1, 3, 0, 6, 4, 4, 5, 0, 9, 8, 5, 3, 0, 4, 7, 8, 9, 0, 2, 2, 6, 6, 4, 7, 3, 8, 5, 9, 3, 5",28.652,1,8,5
14,"6, 5, 7, 5, 8, 3, 2, 6, 7, 3, 5, 1, 0, 4, 8, 2, 4, 0, 1, 4, 9, 4, 0, 9, 3, 5, 3, 0, 9, 1, 6, 8, 1, 8, 6, 7, 9, 7, 2, 2",28.944,1,8,5
15,"3, 2, 3, 2, 2, 7, 2, 3, 9, 5, 5, 6, 0, 3, 5, 4, 8, 0, 6, 4, 4, 8, 0, 7, 9, 6, 9, 0, 1, 8, 9, 7, 1, 1, 6, 5, 7, 1, 4, 8",29.256,1,8,5
16,"5, 5, 6, 3, 9, 8, 3, 2, 1, 9, 8, 1, 0, 6, 7, 9, 4, 0, 9, 1, 6, 1, 0, 7, 3, 2, 5, 0, 4, 3, 4, 5, 6, 4, 8, 2, 7, 8, 2, 7",29.511,1,8,5
17,"7, 7, 3, 2, 3, 2, 8, 5, 6, 3, 5, 3, 0, 4, 4, 9, 6, 0, 5, 7, 9, 1, 0, 4, 7, 2, 5, 0, 8, 2, 1, 9, 1, 4, 6, 8, 6, 1, 9, 8",29.796,1,8,5
18,"5, 8, 4, 3, 8, 4, 5, 7, 3, 5, 7, 5, 0, 4, 3, 6, 2, 0, 2, 6, 8, 1, 0, 3, 1, 8, 7, 0, 7, 6, 1, 9, 1, 4, 6, 9, 9, 9, 2, 2",30.107,1,8,5
19,"9, 6, 8, 9, 6, 7, 9, 5, 5, 2, 7, 4, 0, 7, 1, 2, 3, 0, 1, 4, 6, 8, 0, 7, 4, 2, 4, 0, 9, 1, 3, 3, 3, 6, 2, 5, 1, 5, 8, 8",30.378,1,8,5
20,"1, 8, 3, 4, 4, 8, 2, 3, 5, 1, 2, 9, 0, 8, 8, 6, 5, 0, 2, 5, 3, 3, 0, 9, 4, 7, 6, 0, 4, 1, 7, 7, 2, 5, 1, 9, 6, 6, 7, 9",30.668,1,8,5
21,"2, 9, 2, 4, 3, 3, 7, 7, 9, 4, 2, 1, 0, 1, 4, 1, 9, 0, 5, 7, 3, 8, 0, 4, 9, 5, 6, 0, 6, 8, 1, 6, 2, 8, 3, 5, 6, 8, 5, 7",30.961,1,8,5
22,"3, 2, 8, 5, 7, 2, 9, 8, 4, 7, 3, 6, 0, 3, 4, 8, 1, 0, 8, 1, 9, 5, 0, 4, 5, 6, 3, 0, 7, 4, 6, 2, 2, 6, 1, 9, 1, 9, 7, 5",31.254,1,8,5
23,"1, 5, 6, 1, 5, 6, 9, 9, 3, 7, 4, 3, 0, 5, 3, 8, 2, 0, 4, 4, 9, 2, 0, 4, 5, 9, 7, 0, 6, 7, 8, 2, 6, 8, 1, 2, 7, 3, 8, 1",31.549,1,8,5
24,"1, 2, 9, 9, 1, 1, 5, 8, 5, 4, 7, 4, 0, 5, 3, 9, 4, 0, 2, 8, 7, 7, 0, 8, 1, 5, 4, 0, 3, 6, 6, 6, 2, 7, 8, 9, 6, 2, 3, 3",31.836,1,8,5
25,"9, 8, 3, 8, 4, 1, 1, 3, 9, 6, 3, 5, 0, 6, 4, 7, 6, 0, 1, 2, 2, 2, 0, 5, 8, 7, 9, 0, 4, 4, 5, 7, 2, 8, 6, 3, 7, 9, 5, 1",32.144,1,8,5
26,"3, 7, 5, 6, 7, 5, 9, 4, 4, 3, 9, 9, 0, 6, 1, 8, 1, 0, 9, 8, 2, 4, 0, 6, 7, 5, 2, 0, 3, 7, 3, 1, 4, 6, 2, 8, 2, 5, 8, 1",32.423,1,8,5
27,"1, 7, 3, 1, 9, 9, 5, 2, 6, 8, 4, 3, 0, 2, 5, 2, 6, 0, 6, 7, 4, 1, 0, 7, 8, 1, 5, 0, 4, 2, 7, 8, 6, 4, 5, 8, 9, 3, 3, 9",32.71,1,8,5
28,"6, 5, 7, 3, 5, 8, 2, 6, 1, 1, 1, 1, 0, 7, 4, 5, 2, 0, 4, 2, 3, 8, 0, 9, 2, 8, 9, 0, 4, 7, 8, 9, 4, 5, 7, 6, 9, 3, 6, 3",33.002,1,8,5
29,"4, 7, 5, 6, 6, 9, 3, 3, 7, 2, 9, 2, 0, 4, 7, 7, 6, 0, 5, 4, 1, 8, 0, 4, 8, 1, 9, 0, 2, 1, 6, 5, 2, 8, 1, 3, 8, 9, 3, 5",33.298,1,8,5
30,"5, 4, 9, 8, 3, 6, 5, 9, 4, 1, 2, 8, 0, 7, 1, 5, 8, 0, 2, 2, 7, 6, 0, 9, 2, 9, 1, 0, 1, 8, 5, 4, 3, 3, 7, 7, 4, 6, 6, 3",33.585,1,8,5
31,"4, 7, 7, 3, 9, 5, 5, 9, 6, 6, 5, 3, 0, 4, 1, 5, 2, 0, 3, 8, 3, 4, 0, 6, 7, 2, 8, 0, 4, 1, 9, 6, 8, 8, 1, 7, 2, 1, 2, 9",33.877,1,8,5
32,"2, 4, 2, 2, 1, 1, 6, 4, 4, 8, 3, 9, 0, 3, 4, 6, 6, 0, 7, 9, 6, 3, 0, 7, 8, 5, 3, 0, 1, 5, 5, 5, 9, 2, 1, 7, 8, 9, 7, 8",34.171,1,8,5
33,"6, 4, 7, 7, 6, 6, 5, 6, 9, 1, 4, 2, 0, 9, 3, 1, 3, 0, 5, 2, 7, 8, 0, 7, 2, 9, 4, 0, 5, 8, 9, 4, 8, 2, 1, 3, 3, 8, 1, 5",34.46,1,8,5
34,"9, 2, 7, 2, 2, 4, 2, 7, 4, 6, 3, 6, 0, 7, 5, 6, 7, 0, 5, 3, 8, 8, 0, 9, 9, 4, 5, 0, 9, 1, 6, 8, 4, 1, 1, 1, 3, 3, 5, 8",34.752,1,8,5
35,"3, 8, 5, 1, 3, 6, 5, 5, 8, 3, 6, 1, 0, 2, 2, 4, 4, 0, 2, 9, 7, 2, 0, 6, 1, 8, 6, 0, 4, 1, 5, 7, 4, 3, 9, 9, 8, 7, 7, 9",35.044,1,8,5
36,"6, 4, 1, 9, 2, 7, 3, 8, 3, 7, 1, 9, 0, 3, 2, 8, 7, 0, 7, 4, 8, 9, 0, 8, 2, 6, 4, 0, 5, 2, 1, 4, 3, 5, 6, 5, 9, 1, 5, 6",35.336,1,8,5
37,"6, 7, 7, 6, 8, 9, 9, 6, 4, 3, 8, 1, 0, 4, 1, 5, 4, 0, 2, 7, 9, 3, 0, 3, 1, 4, 5, 0, 2, 3, 5, 7, 2, 9, 1, 5, 6, 8, 2, 8",35.627,1,8,5
38,"4, 2, 3, 4, 4, 5, 9, 9, 8, 1, 7, 6, 0, 8, 2, 5, 3, 0, 5, 1, 9, 9, 0, 8, 1, 4, 5, 0, 1, 7, 3, 6, 6, 2, 8, 2, 7, 7, 3, 6",35.919,1,8,5
39,"9, 1, 6, 4, 1, 1, 7, 2, 6, 1, 6, 7, 0, 4, 9, 6, 8, 0, 3, 2, 5, 7, 0, 4, 8, 9, 5, 0, 8, 7, 9, 5, 3, 2, 3, 5, 2, 4, 3, 8",36.21,1,8,5
40,"9, 4, 8, 9, 6, 2, 8, 8, 3, 7, 6, 4, 0, 7, 5, 3, 9, 0, 1, 5, 4, 2, 0, 1, 4, 1, 3, 0, 1, 2, 5, 7, 9, 3, 7, 6, 6, 8, 5, 2",36.502,1,8,5
41,"4, 1, 7, 5, 8, 7, 3, 6, 2, 6, 8, 6, 0, 8, 3, 9, 2, 0, 3, 2, 9, 8, 0, 4, 3, 5, 2, 0, 4, 1, 4, 7, 1, 6, 1, 7, 9, 5, 9, 5",36.794,1,8,5
42,"2, 1, 3, 7, 3, 2, 7, 7, 4, 3, 4, 1, 0, 5, 6, 4, 9, 0, 9, 5, 5, 2, 0, 8, 8, 4, 8, 0, 8, 6, 9, 3, 6, 1, 1, 9, 6, 5, 2, 7",37.085,1,8,5
43,"5, 2, 9, 8, 4, 7, 9, 6, 5, 3, 7, 1, 0, 4, 9, 5, 2, 0, 3, 3, 5, 2, 0, 9, 8, 1, 2, 0, 3, 6, 1, 4, 7, 4, 7, 1, 6, 8, 6, 8",37.377,1,8,5
44,"3, 8, 7, 9, 1, 2, 2, 3, 4, 9, 9, 4, 0, 1, 9, 1, 6, 0, 5, 4, 2, 5, 0, 1, 7, 8, 3, 0, 2, 7, 5, 5, 7, 8, 3, 6, 6, 6, 8, 4",37.67,1,8,5
45,"9, 4, 3, 4, 1, 8, 5, 5, 8, 6, 7, 3, 0, 2, 4, 9, 9, 0, 3, 1, 5, 1, 0, 2, 7, 8, 6, 0, 1, 7, 8, 7, 6, 2, 9, 5, 3, 6, 2, 4",37.961,1,8,5
46,"8, 9, 7, 7, 1, 7, 6, 1, 6, 6, 8, 9, 0, 5, 1, 3, 3, 0, 9, 4, 3, 4, 0, 3, 2, 7, 5, 0, 2, 2, 5, 4, 9, 6, 5, 1, 2, 4, 8, 8",38.252,1,8,5
47,"5, 2, 9, 8, 8, 3, 5, 6, 9, 3, 7, 6, 0, 4, 7, 4, 1, 0, 9, 3, 2, 8, 0, 4, 1, 2, 3, 0, 9, 6, 7, 7, 5, 4, 2, 6, 5, 1, 8, 1",38.545,1,8,5
48,"1, 2, 4, 2, 6, 9, 3, 5, 8, 6, 4, 3, 0, 7, 9, 4, 3, 0, 6, 8, 5, 8, 0, 6, 5, 7, 1, 0, 4, 1, 1, 2, 7, 9, 9, 7, 2, 5, 8, 3",38.838,1,8,5
49,"4, 4, 9, 5, 9, 7, 4, 6, 3, 8, 2, 2, 0, 3, 5, 5, 7, 0, 6, 8, 5, 7, 0, 7, 1, 6, 1, 0, 2, 6, 8, 2, 9, 1, 3, 4, 1, 3, 9, 8",39.129,1,8,5
50,"3, 5, 5, 4, 3, 1, 6, 8, 1, 2, 4, 6, 0, 5, 9, 7, 3, 0, 4, 8, 2, 7, 0, 1, 6, 2, 4, 0, 3, 8, 9, 8, 9, 1, 7, 2, 7, 6, 5, 9",39.42,1,8,5
51,"7, 6, 4, 8, 5, 9, 5, 1, 4, 5, 7, 2, 0, 5, 1, 3, 3, 0, 6, 7, 2, 4, 0, 9, 9, 1, 8, 0, 3, 3, 7, 8, 2, 8, 4, 2, 6, 1, 9, 6",39.71,1,8,5
52,"4, 8, 3, 6, 8, 5, 1, 6, 6, 2, 2, 9, 0, 4, 8, 3, 5, 0, 1, 6, 9, 5, 0, 1, 7, 9, 2, 0, 4, 2, 3, 7, 4, 1, 3, 9, 7, 7, 5, 8",40.002,1,8,5
53,"1, 6, 9, 4, 2, 7, 3, 1, 6, 9, 3, 8, 0, 5, 9, 3, 5, 0, 8, 2, 6, 4, 0, 2, 2, 7, 8, 0, 9, 4, 5, 1, 5, 3, 4, 7, 6, 1, 8, 7",40.295,1,8,5
54,"2, 2, 9, 5, 7, 8, 2, 4, 2, 3, 4, 1, 0, 3, 8, 9, 8, 0, 5, 9, 1, 3, 0, 7, 6, 9, 7, 0, 8, 6, 7, 5, 4, 1, 4, 5, 3, 6, 6, 1",40.587,1,8,5
55,"1, 4, 3, 7, 6, 2, 4, 8, 1, 5, 9, 2, 0, 8, 4, 9, 9, 0, 6, 8, 3, 3, 0, 7, 9, 1, 7, 0, 6, 3, 5, 5, 5, 2, 8, 1, 4, 2, 7, 6",40.881,1,8,5
56,"3, 2, 5, 8, 8, 8, 1, 6, 9, 7, 4, 2, 0, 6, 4, 2, 2, 0, 5, 7, 9, 6, 0, 4, 7, 1, 5, 0, 6, 7, 5, 3, 9, 3, 8, 9, 1, 1, 3, 4",41.169,1,8,5
57,"5, 1, 7, 3, 9, 8, 3, 2, 2, 6, 1, 4, 0, 4, 9, 4, 8, 0, 7, 5, 6, 3, 0, 3, 2, 1, 2, 0, 7, 5, 6, 7, 6, 1, 8, 9, 8, 5, 4, 9",41.46,1,8,5
58,"7, 1, 4, 2, 9, 9, 6, 6, 2, 9, 6, 8, 0, 3, 3, 8, 1, 0, 5, 5, 4, 7, 0, 6, 9, 8, 3, 0, 7, 1, 4, 1, 2, 8, 3, 7, 5, 4, 2, 5",41.754,1,8,5
59,"8, 7, 6, 7, 7, 3, 8, 9, 1, 1, 4, 3, 0, 4, 5, 1, 2, 0, 2, 7, 2, 4, 0, 8, 2, 6, 3, 0, 6, 9, 5, 5, 9, 5, 3, 8, 9, 1, 4, 6",42.044,1,8,5
60,"4, 9, 2, 6, 1, 4, 3, 1, 2, 5, 9, 8, 0, 7, 5, 4, 7, 0, 4, 3, 8, 6, 0, 7, 1, 3, 8, 0, 6, 1, 9, 2, 5, 2, 7, 5, 3, 9, 6, 8",42.336,1,8,5
61,"4, 4, 3, 8, 2, 5, 9, 2, 2, 4, 9, 8, 0, 1, 6, 3, 6, 0, 8, 8, 1, 1, 0, 5, 7, 7, 6, 0, 5, 3, 5, 6, 7, 7, 3, 2, 1, 9, 4, 9",42.628,1,8,5
62,"6, 2, 1, 3, 7, 8, 3, 5, 7, 9, 1, 9, 0, 7, 4, 4, 5, 0, 8, 5, 1, 9, 0, 9, 1, 6, 3, 0, 2, 4, 6, 5, 2, 6, 2, 3, 4, 7, 8, 8",42.921,1,8,5
63,"6, 9, 3, 6, 7, 9, 1, 2, 5, 4, 8, 3, 0, 6, 8, 7, 2, 0, 5, 1, 2, 4, 0, 7, 5, 4, 3, 0, 1, 9, 4, 8, 9, 7, 3, 1, 8, 2, 6, 5",43.216,1,8,5
64,"5, 4, 7, 3, 6, 5, 1, 9, 6, 9, 8, 6, 0, 9, 7, 4, 8, 0, 4, 2, 5, 7, 0, 3, 2, 3, 2, 0, 6, 2, 9, 5, 1, 8, 8, 1, 7, 3, 4, 1",43.505,1,8,5
65,"3, 6, 2, 2, 4, 9, 2, 1, 8, 2, 1, 9, 0, 5, 5, 1, 5, 0, 3, 7, 8, 4, 0, 3, 5, 8, 8, 0, 4, 6, 4, 7, 7, 7, 3, 6, 9, 9, 6, 1",43.796,1,8,5
66,"5, 7, 4, 9, 8, 2, 9, 4, 3, 1, 1, 6, 0, 5, 2, 6, 7, 0, 9, 6, 7, 2, 0, 1, 9, 7, 5, 0, 4, 2, 6, 3, 8, 8, 3, 8, 4, 3, 5, 1",44.101,1,8,5
67,"4, 5, 4, 1, 6, 9, 6, 8, 2, 7, 2, 8, 0, 2, 3, 3, 5, 0, 4, 1, 9, 5, 0, 1, 9, 7, 7, 0, 8, 9, 5, 6, 3, 2, 4, 6, 1, 8, 3, 7",44.377,1,8,5
68,"6, 5, 3, 2, 1, 2, 7, 8, 3, 6, 9, 2, 0, 8, 8, 5, 3, 0, 3, 7, 4, 4, 0, 2, 7, 4, 6, 0, 1, 8, 1, 9, 9, 9, 5, 5, 6, 1, 4, 7",44.674,1,8,5
69,"9, 5, 8, 6, 2, 3, 2, 9, 1, 8, 8, 1, 0, 2, 9, 7, 6, 0, 7, 1, 4, 7, 0, 4, 8, 1, 2, 0, 6, 3, 4, 6, 4, 5, 3, 5, 7, 5, 9, 3",44.979,1,8,5
70,"6, 7, 5, 8, 3, 8, 3, 4, 6, 2, 2, 7, 0, 2, 1, 9, 9, 0, 8, 9, 1, 3, 0, 4, 1, 7, 6, 0, 7, 8, 1, 3, 5, 4, 5, 5, 4, 2, 6, 9",45.253,1,8,5
71,"6, 6, 7, 5, 9, 3, 8, 1, 2, 7, 7, 6, 0, 5, 3, 6, 8, 0, 4, 1, 2, 9, 0, 8, 2, 3, 5, 0, 1, 4, 1, 9, 4, 2, 8, 9, 3, 5, 4, 7",45.552,1,8,5
72,"5, 2, 6, 3, 1, 9, 4, 7, 6, 5, 6, 7, 0, 2, 8, 4, 2, 0, 5, 8, 3, 9, 0, 7, 3, 9, 7, 0, 3, 8, 1, 8, 2, 5, 4, 4, 1, 1, 6, 9",45.855,1,8,5
73,"6, 4, 4, 5, 7, 3, 2, 8, 4, 9, 1, 7, 0, 9, 1, 1, 2, 0, 3, 7, 5, 5, 0, 8, 9, 5, 4, 0, 7, 8, 3, 1, 6, 2, 6, 6, 9, 3, 8, 2",46.133,1,8,5
74,"5, 1, 8, 9, 2, 8, 4, 9, 9, 2, 7, 6, 0, 8, 6, 3, 4, 0, 3, 9, 6, 1, 0, 5, 7, 1, 5, 0, 2, 6, 4, 8, 7, 3, 5, 2, 1, 3, 4, 7",46.42,1,8,5
75,"3, 9, 4, 2, 8, 6, 8, 9, 3, 1, 3, 4, 0, 9, 4, 5, 7, 0, 8, 2, 1, 8, 0, 9, 7, 7, 1, 0, 3, 2, 5, 1, 5, 6, 5, 2, 6, 7, 4, 6",46.727,1,8,5
76,"4, 6, 1, 4, 3, 7, 5, 5, 8, 7, 8, 9, 0, 8, 4, 6, 9, 0, 2, 1, 7, 2, 0, 3, 6, 3, 4, 0, 2, 1, 5, 9, 7, 5, 2, 9, 6, 3, 1, 8",47.035,1,8,5
77,"8, 3, 2, 6, 1, 5, 7, 8, 3, 5, 4, 9, 0, 2, 5, 1, 5, 0, 9, 6, 3, 6, 0, 9, 9, 3, 7, 0, 1, 7, 4, 6, 4, 1, 4, 8, 2, 8, 7, 2",47.331,1,8,5
78,"5, 4, 6, 8, 7, 4, 8, 1, 2, 1, 3, 9, 0, 9, 4, 7, 8, 0, 1, 3, 7, 5, 0, 4, 9, 5, 2, 0, 8, 3, 2, 6, 9, 1, 2, 6, 7, 3, 5, 6",47.615,1,8,5
79,"4, 2, 7, 1, 8, 8, 4, 9, 5, 6, 5, 7, 0, 3, 9, 7, 3, 0, 8, 2, 5, 7, 0, 6, 1, 6, 2, 0, 6, 5, 3, 8, 3, 1, 9, 1, 4, 4, 9, 2",47.922,1,8,5
80,"6, 3, 4, 3, 9, 2, 8, 9, 8, 2, 7, 1, 0, 5, 5, 3, 7, 0, 4, 3, 9, 4, 0, 1, 7, 6, 5, 0, 2, 1, 6, 8, 6, 8, 5, 9, 7, 1, 2, 4",48.175,1,8,5
81,"6, 4, 9, 7, 8, 6, 2, 3, 1, 7, 5, 5, 0, 7, 9, 6, 4, 0, 8, 8, 9, 4, 0, 1, 2, 8, 2, 0, 1, 6, 3, 5, 4, 7, 3, 9, 3, 1, 2, 5",48.48,1,8,5
82,"7, 2, 4, 8, 5, 1, 6, 7, 5, 2, 6, 5, 0, 6, 3, 3, 8, 0, 9, 3, 3, 2, 0, 8, 9, 4, 1, 0, 8, 2, 9, 1, 1, 7, 4, 5, 7, 6, 4, 9",48.76,1,8,5
83,"5, 9, 7, 7, 7, 6, 2, 8, 1, 2, 1, 3, 0, 9, 3, 5, 9, 0, 6, 8, 1, 1, 0, 4, 6, 4, 4, 0, 8, 7, 3, 2, 5, 9, 8, 2, 5, 6, 3, 4",49.093,1,8,5
84,"6, 1, 2, 4, 7, 7, 8, 7, 9, 6, 9, 5, 0, 1, 4, 3, 5, 0, 8, 4, 1, 5, 0, 2, 9, 3, 3, 0, 6, 2, 7, 8, 3, 6, 8, 4, 9, 1, 5, 2",49.346,1,8,5
85,"8, 5, 2, 1, 3, 6, 4, 7, 4, 8, 6, 3, 0, 3, 4, 2, 3, 0, 9, 6, 7, 1, 0, 5, 9, 8, 8, 0, 1, 5, 6, 7, 4, 2, 7, 1, 2, 9, 5, 9",49.676,1,8,5
86,"9, 8, 5, 6, 1, 5, 3, 8, 2, 3, 2, 4, 0, 7, 2, 8, 6, 0, 6, 3, 7, 1, 0, 7, 1, 4, 7, 0, 6, 8, 4, 1, 9, 5, 9, 3, 5, 4, 9, 2",49.858,1,8,5
87,"7, 6, 8, 3, 4, 1, 7, 5, 6, 2, 6, 4, 0, 9, 8, 2, 5, 0, 9, 1, 9, 5, 0, 1, 2, 4, 2, 0, 8, 3, 3, 7, 9, 5, 6, 8, 4, 7, 1, 3",49.859,1,8,5
88,"7, 3, 8, 6, 4, 3, 5, 4, 2, 6, 9, 2, 0, 1, 7, 8, 8, 0, 6, 2, 1, 3, 0, 7, 5, 6, 4, 0, 9, 7, 1, 8, 4, 9, 9, 1, 5, 5, 2, 3",50.226,1,8,5
89,"6, 8, 3, 7, 2, 9, 4, 7, 8, 6, 1, 9, 0, 2, 9, 4, 8, 0, 6, 5, 3, 5, 0, 3, 8, 5, 4, 0, 7, 3, 1, 7, 9, 1, 2, 1, 2, 5, 6, 4",50.262,1,8,5
90,"9, 4, 9, 6, 1, 2, 7, 1, 3, 8, 7, 9, 0, 1, 4, 3, 5, 0, 5, 6, 3, 8, 0, 5, 6, 2, 7, 0, 4, 7, 2, 5, 8, 3, 9, 1, 4, 6, 8, 2",50.34,1,8,5
91,"5, 2, 6, 3, 1, 7, 6, 4, 5, 9, 2, 3, 0, 8, 7, 3, 1, 0, 9, 9, 4, 8, 0, 4, 7, 2, 1, 0, 8, 2, 9, 5, 7, 5, 6, 1, 4, 3, 8, 6",50.402,1,8,5
92,"1, 6, 5, 2, 7, 9, 4, 6, 3, 9, 3, 4, 0, 5, 6, 1, 9, 0, 7, 2, 1, 7, 0, 5, 2, 2, 8, 0, 6, 8, 8, 4, 3, 8, 9, 5, 3, 1, 7, 4",50.485,1,8,5
93,"6, 5, 7, 9, 4, 2, 1, 8, 3, 7, 8, 5, 0, 4, 1, 9, 9, 0, 3, 5, 6, 4, 0, 3, 2, 1, 7, 0, 7, 2, 6, 5, 4, 8, 6, 9, 1, 8, 3, 2",50.682,1,8,5
94,"6, 2, 4, 1, 9, 7, 3, 6, 4, 7, 1, 5, 0, 4, 6, 1, 5, 0, 3, 8, 7, 7, 0, 3, 8, 8, 5, 0, 9, 2, 9, 2, 8, 4, 5, 2, 3, 9, 1, 6",50.724,1,8,5
95,"3, 8, 4, 9, 7, 5, 7, 9, 1, 5, 2, 6, 0, 8, 6, 3, 5, 0, 2, 6, 4, 5, 0, 1, 7, 3, 7, 0, 9, 1, 4, 1, 2, 9, 6, 8, 4, 8, 2, 3",51.07,1,8,5
96,"8, 1, 7, 6, 2, 8, 9, 6, 5, 2, 4, 7, 0, 2, 8, 3, 5, 0, 5, 3, 8, 1, 0, 3, 4, 1, 9, 0, 7, 2, 6, 7, 9, 4, 1, 5, 4, 6, 3, 9",51.201,1,8,5
97,"9, 5, 8, 6, 3, 4, 1, 7, 3, 4, 8, 9, 0, 5, 5, 8, 3, 0, 2, 2, 4, 1, 0, 5, 6, 7, 9, 0, 2, 6, 3, 7, 4, 6, 1, 1, 8, 2, 9, 7",51.285,1,8,5
98,"6, 5, 8, 8, 3, 9, 7, 1, 9, 1, 4, 1, 0, 3, 2, 9, 2, 0, 3, 4, 6, 2, 0, 5, 8, 4, 6, 0, 7, 9, 7, 5, 4, 8, 6, 3, 2, 5, 1, 7",51.366,1,8,5
99,"4, 3, 6, 5, 1, 6, 7, 2, 9, 5, 8, 3, 0, 1, 3, 9, 6, 0, 8, 4, 1, 8, 0, 2, 5, 9, 1, 0, 2, 4, 7, 7, 4, 3, 7, 9, 5, 6, 8, 2",52.091,1,8,5
100,"5, 2, 3, 7, 4, 9, 7, 1, 1, 8, 4, 3, 0, 2, 8, 4, 2, 0, 5, 6, 8, 7, 0, 5, 6, 9, 8, 0, 6, 9, 1, 3, 4, 5, 6, 2, 9, 1, 7, 3",54.002,1,8,5
101,"3, 5, 6, 3, 5, 5, 0, 0, 0, 6, 4, 0, 6, 0, 5, 2, 0, 2, 0, 6, 4, 0, 1, 0, 1, 1, 0, 1, 0, 3, 1, 0, 0, 0, 1, 2, 4, 2, 4, 3",21.5,2,8,5
102,"4, 5, 5, 4, 3, 6, 0, 0, 0, 5, 5, 0, 1, 0, 3, 6, 0, 2, 0, 1, 1, 0, 1, 0, 2, 3, 0, 2, 0, 2, 6, 0, 0, 0, 4, 6, 3, 1, 4, 1",21.725,2,8,5
103,"6, 6, 2, 3, 2, 3, 0, 0, 0, 5, 2, 0, 3, 0, 1, 1, 0, 3, 0, 4, 5, 0, 2, 0, 5, 5, 0, 4, 0, 4, 1, 0, 0, 0, 1, 1, 1, 6, 6, 4",22.089,2,8,5
104,"2, 3, 5, 2, 2, 2, 0, 0, 0, 1, 5, 0, 1, 0, 3, 6, 0, 1, 0, 1, 3, 0, 3, 0, 4, 6, 0, 5, 0, 4, 6, 0, 0, 0, 1, 6, 5, 1, 4, 4",22.301,2,8,5
105,"4, 4, 4, 1, 5, 1, 0, 0, 0, 5, 1, 0, 4, 0, 3, 1, 0, 3, 0, 6, 1, 0, 1, 0, 6, 2, 0, 6, 0, 2, 3, 0, 0, 0, 6, 5, 5, 3, 2, 2",22.35,2,8,5
106,"3, 5, 5, 2, 2, 5, 0, 0, 0, 2, 3, 0, 5, 0, 2, 6, 0, 4, 0, 1, 4, 0, 1, 0, 3, 6, 0, 3, 0, 6, 1, 0, 0, 0, 4, 6, 1, 1, 4, 1",22.379,2,8,5
107,"6, 2, 5, 6, 6, 1, 0, 0, 0, 5, 2, 0, 6, 0, 5, 1, 0, 3, 0, 5, 3, 0, 4, 0, 2, 3, 0, 3, 0, 2, 1, 0, 0, 0, 4, 1, 4, 1, 4, 1",22.479,2,8,5
108,"1, 2, 5, 2, 2, 5, 0, 0, 0, 1, 2, 0, 1, 0, 1, 6, 0, 6, 0, 1, 1, 0, 5, 0, 3, 5, 0, 6, 0, 6, 4, 0, 0, 0, 4, 4, 4, 3, 3, 3",22.637,2,8,5
109,"4, 6, 2, 2, 1, 1, 0, 0, 0, 6, 1, 0, 1, 0, 3, 4, 0, 1, 0, 3, 3, 0, 3, 0, 1, 2, 0, 5, 0, 4, 5, 0, 0, 0, 4, 5, 5, 2, 6, 6",22.924,2,8,5
110,"5, 3, 1, 3, 5, 2, 0, 0, 0, 3, 2, 0, 1, 0, 3, 6, 0, 6, 0, 4, 6, 0, 1, 0, 4, 6, 0, 4, 0, 1, 1, 0, 0, 0, 5, 1, 2, 2, 4, 5",22.974,2,8,5
111,"6, 6, 2, 6, 2, 6, 0, 0, 0, 4, 4, 0, 3, 0, 1, 3, 0, 1, 0, 4, 4, 0, 5, 0, 3, 1, 0, 2, 0, 1, 3, 0, 0, 0, 1, 2, 5, 5, 1, 5",23.118,2,8,5
112,"1, 2, 3, 1, 1, 1, 0, 0, 0, 3, 4, 0, 5, 0, 2, 2, 0, 5, 0, 6, 3, 0, 2, 0, 6, 4, 0, 6, 0, 3, 4, 0, 0, 0, 5, 1, 4, 1, 5, 6",23.26,2,8,5
113,"3, 6, 4, 2, 2, 1, 0, 0, 0, 4, 6, 0, 3, 0, 6, 1, 0, 5, 0, 5, 1, 0, 6, 0, 3, 3, 0, 1, 0, 4, 1, 0, 0, 0, 4, 2, 1, 2, 5, 5",23.444,2,8,5
114,"6, 3, 1, 4, 5, 1, 0, 0, 0, 4, 4, 0, 3, 0, 3, 6, 0, 3, 0, 5, 6, 0, 4, 0, 2, 5, 0, 1, 0, 1, 6, 0, 0, 0, 2, 5, 2, 1, 1, 2",23.576,2,8,5
115,"1, 1, 4, 2, 4, 4, 0, 0, 0, 5, 2, 0, 5, 0, 4, 5, 0, 3, 0, 2, 3, 0, 2, 0, 3, 1, 0, 1, 0, 6, 6, 0, 0, 0, 5, 1, 6, 1, 3, 6",23.748,2,8,5
116,"1, 3, 4, 6, 4, 1, 0, 0, 0, 5, 6, 0, 3, 0, 5, 6, 0, 1, 0, 4, 3, 0, 3, 0, 2, 1, 0, 4, 0, 6, 1, 0, 0, 0, 2, 5, 1, 5, 2, 2",23.896,2,8,5
117,"1, 4, 4, 2, 1, 3, 0, 0, 0, 1, 2, 0, 5, 0, 3, 1, 0, 6, 0, 3, 6, 0, 5, 0, 5, 4, 0, 4, 0, 5, 3, 0, 0, 0, 1, 6, 6, 1, 2, 2",24.057,2,8,5
118,"5, 1, 3, 3, 1, 5, 0, 0, 0, 2, 6, 0, 2, 0, 6, 6, 0, 3, 0, 2, 1, 0, 2, 0, 6, 4, 0, 4, 0, 4, 3, 0, 0, 0, 1, 1, 5, 4, 5, 1",24.218,2,8,5
119,"3, 1, 2, 2, 1, 1, 0, 0, 0, 2, 3, 0, 4, 0, 4, 1, 0, 3, 0, 2, 6, 0, 3, 0, 4, 4, 0, 6, 0, 1, 5, 0, 0, 0, 6, 1, 6, 5, 5, 5",24.375,2,8,5
120,"4, 6, 6, 4, 2, 3, 0, 0, 0, 2, 5, 0, 5, 0, 6, 3, 0, 4, 0, 6, 1, 0, 2, 0, 1, 1, 0, 2, 0, 3, 1, 0, 0, 0, 1, 5, 4, 3, 5, 1",24.539,2,8,5
121,"6, 5, 3, 4, 4, 3, 0, 0, 0, 2, 3, 0, 1, 0, 5, 6, 0, 2, 0, 2, 3, 0, 1, 0, 4, 1, 0, 4, 0, 1, 1, 0, 0, 0, 2, 6, 5, 6, 5, 1",24.699,2,8,5
122,"1, 4, 4, 1, 2, 6, 0, 0, 0, 3, 6, 0, 6, 0, 2, 4, 0, 3, 0, 6, 1, 0, 3, 0, 5, 1, 0, 1, 0, 3, 4, 0, 0, 0, 5, 2, 5, 2, 5, 1",24.854,2,8,5
123,"4, 4, 3, 3, 4, 1, 0, 0, 0, 4, 2, 0, 2, 0, 6, 1, 0, 5, 0, 1, 6, 0, 2, 0, 3, 1, 0, 5, 0, 2, 1, 0, 0, 0, 6, 6, 3, 5, 5, 1",25.018,2,8,5
124,"1, 1, 1, 6, 2, 6, 0, 0, 0, 2, 5, 0, 1, 0, 3, 1, 0, 5, 0, 3, 4, 0, 4, 0, 6, 5, 0, 6, 0, 1, 2, 0, 0, 0, 4, 4, 5, 3, 2, 3",25.172,2,8,5
125,"5, 6, 2, 3, 3, 1, 0, 0, 0, 6, 2, 0, 3, 0, 1, 5, 0, 4, 0, 1, 1, 0, 1, 0, 3, 1, 0, 4, 0, 6, 2, 0, 0, 0, 4, 2, 5, 4, 5, 6",25.337,2,8,5
126,"6, 2, 6, 5, 3, 2, 0, 0, 0, 5, 3, 0, 1, 0, 2, 4, 0, 3, 0, 4, 1, 0, 1, 0, 2, 5, 0, 5, 0, 6, 4, 0, 0, 0, 3, 4, 1, 1, 1, 6",25.494,2,8,5
127,"1, 6, 1, 2, 4, 1, 0, 0, 0, 5, 6, 0, 2, 0, 4, 5, 0, 5, 0, 2, 5, 0, 1, 0, 2, 6, 0, 3, 0, 6, 1, 0, 0, 0, 1, 3, 3, 3, 4, 4",25.651,2,8,5
128,"6, 1, 4, 2, 6, 5, 0, 0, 0, 1, 4, 0, 3, 0, 4, 5, 0, 4, 0, 2, 6, 0, 6, 0, 3, 3, 0, 3, 0, 2, 1, 0, 0, 0, 1, 1, 5, 1, 5, 2",25.811,2,8,5
129,"4, 1, 3, 1, 1, 1, 0, 0, 0, 2, 3, 0, 3, 0, 6, 3, 0, 5, 0, 4, 5, 0, 1, 0, 2, 6, 0, 6, 0, 6, 4, 0, 0, 0, 1, 5, 5, 2, 4, 2",25.973,2,8,5
130,"4, 4, 2, 1, 6, 4, 0, 0, 0, 5, 1, 0, 5, 0, 2, 5, 0, 6, 0, 1, 5, 0, 1, 0, 3, 2, 0, 4, 0, 3, 2, 0, 0, 0, 6, 1, 3, 1, 6, 3",26.13,2,8,5
131,"1, 5, 1, 1, 6, 5, 0, 0, 0, 5, 1, 0, 2, 0, 4, 3, 0, 5, 0, 4, 1, 0, 3, 0, 6, 6, 0, 1, 0, 4, 4, 0, 0, 0, 2, 3, 6, 3, 2, 2",26.29,2,8,5
132,"3, 2, 5, 2, 4, 1, 0, 0, 0, 4, 5, 0, 6, 0, 1, 2, 0, 1, 0, 5, 5, 0, 2, 0, 3, 1, 0, 3, 0, 6, 3, 0, 0, 0, 6, 1, 1, 6, 4, 4",26.451,2,8,5
133,"3, 1, 3, 5, 1, 4, 0, 0, 0, 1, 6, 0, 5, 0, 4, 3, 0, 6, 0, 2, 2, 0, 4, 0, 1, 4, 0, 5, 0, 3, 1, 0, 0, 0, 5, 6, 2, 6, 1, 2",26.61,2,8,5
134,"2, 1, 6, 6, 2, 5, 0, 0, 0, 6, 2, 0, 1, 0, 3, 6, 0, 3, 0, 3, 2, 0, 4, 0, 3, 4, 0, 1, 0, 4, 5, 0, 0, 0, 5, 1, 1, 4, 1, 5",26.772,2,8,5
135,"2, 3, 4, 2, 4, 3, 0, 0, 0, 5, 1, 0, 2, 0, 1, 6, 0, 4, 0, 3, 1, 0, 5, 0, 4, 6, 0, 5, 0, 2, 6, 0, 0, 0, 5, 1, 1, 6, 3, 1",26.928,2,8,5
136,"1, 3, 5, 1, 5, 6, 0, 0, 0, 1, 1, 0, 6, 0, 1, 2, 0, 6, 0, 3, 5, 0, 2, 0, 1, 3, 0, 4, 0, 3, 5, 0, 0, 0, 4, 2, 4, 2, 6, 4",27.088,2,8,5
137,"3, 2, 4, 5, 2, 6, 0, 0, 0, 2, 3, 0, 6, 0, 4, 5, 0, 1, 0, 3, 2, 0, 6, 0, 4, 6, 0, 3, 0, 1, 1, 0, 0, 0, 1, 1, 1, 5, 4, 5",27.248,2,8,5
138,"6, 3, 3, 1, 6, 3, 0, 0, 0, 5, 2, 0, 2, 0, 4, 5, 0, 3, 0, 1, 6, 0, 5, 0, 6, 1, 0, 4, 0, 4, 4, 0, 0, 0, 2, 1, 5, 2, 1, 1",27.407,2,8,5
139,"1, 2, 4, 3, 2, 4, 0, 0, 0, 1, 6, 0, 5, 0, 3, 6, 0, 1, 0, 4, 5, 0, 6, 0, 3, 5, 0, 5, 0, 3, 1, 0, 0, 0, 2, 1, 2, 1, 6, 4",27.567,2,8,5
140,"6, 2, 5, 6, 2, 6, 0, 0, 0, 3, 4, 0, 1, 0, 3, 5, 0, 4, 0, 2, 1, 0, 1, 0, 5, 6, 0, 3, 0, 5, 1, 0, 0, 0, 3, 4, 1, 1, 2, 4",27.727,2,8,5
141,"6, 4, 5, 3, 6, 1, 0, 0, 0, 3, 4, 0, 3, 0, 1, 6, 0, 4, 0, 2, 5, 0, 1, 0, 4, 5, 0, 6, 0, 5, 1, 0, 0, 0, 3, 1, 2, 2, 1, 2",27.886,2,8,5
142,"4, 2, 1, 4, 6, 6, 0, 0, 0, 1, 4, 0, 4, 0, 5, 2, 0, 5, 0, 1, 3, 0, 5, 0, 3, 6, 0, 5, 0, 2, 1, 0, 0, 0, 1, 6, 2, 1, 3, 3",28.046,2,8,5
143,"5, 3, 1, 6, 3, 1, 0, 0, 0, 4, 1, 0, 6, 0, 5, 2, 0, 2, 0, 2, 5, 0, 1, 0, 4, 3, 0, 3, 0, 6, 4, 0, 0, 0, 1, 2, 4, 6, 5, 1",28.206,2,8,5
144,"2, 1, 1, 4, 2, 5, 0, 0, 0, 1, 4, 0, 2, 0, 3, 4, 0, 1, 0, 2, 3, 0, 1, 0, 5, 1, 0, 6, 0, 6, 4, 0, 0, 0, 6, 5, 5, 3, 3, 6",28.365,2,8,5
145,"1, 1, 5, 5, 2, 6, 0, 0, 0, 3, 4, 0, 3, 0, 1, 6, 0, 4, 0, 1, 3, 0, 6, 0, 2, 4, 0, 5, 0, 2, 6, 0, 0, 0, 1, 5, 1, 3, 4, 2",28.525,2,8,5
146,"1, 1, 1, 5, 3, 5, 0, 0, 0, 4, 6, 0, 6, 0, 5, 1, 0, 3, 0, 3, 4, 0, 6, 0, 3, 2, 0, 5, 0, 6, 4, 0, 0, 0, 2, 4, 1, 2, 2, 1",28.685,2,8,5
147,"4, 6, 1, 5, 1, 1, 0, 0, 0, 4, 2, 0, 3, 0, 1, 3, 0, 5, 0, 5, 6, 0, 2, 0, 6, 4, 0, 3, 0, 2, 1, 0, 0, 0, 5, 6, 3, 1, 2, 4",28.844,2,8,5
148,"1, 3, 2, 4, 1, 4, 0, 0, 0, 1, 2, 0, 6, 0, 5, 6, 0, 6, 0, 3, 3, 0, 4, 0, 5, 2, 0, 1, 0, 1, 3, 0, 0, 0, 1, 6, 2, 5, 4, 5",29.004,2,8,5
149,"1, 3, 2, 1, 4, 3, 0, 0, 0, 4, 5, 0, 2, 0, 2, 6, 0, 5, 0, 4, 4, 0, 5, 0, 1, 2, 0, 1, 0, 5, 1, 0, 0, 0, 3, 3, 6, 6, 1, 6",29.166,2,8,5
150,"1, 4, 2, 4, 5, 2, 0, 0, 0, 3, 3, 0, 1, 0, 1, 2, 0, 1, 0, 3, 5, 0, 1, 0, 5, 5, 0, 2, 0, 4, 6, 0, 0, 0, 6, 3, 6, 6, 1, 4",29.323,2,8,5
151,"6, 4, 3, 4, 1, 1, 0, 0, 0, 2, 1, 0, 3, 0, 1, 6, 0, 3, 0, 2, 1, 0, 5, 0, 4, 2, 0, 5, 0, 6, 6, 0, 0, 0, 3, 5, 2, 1, 5, 4",29.483,2,8,5
152,"1, 1, 5, 4, 4, 1, 0, 0, 0, 3, 1, 0, 4, 0, 1, 6, 0, 2, 0, 4, 5, 0, 2, 0, 3, 3, 0, 5, 0, 2, 5, 0, 0, 0, 6, 2, 1, 6, 6, 3",29.642,2,8,5
153,"2, 4, 3, 1, 2, 6, 0, 0, 0, 1, 1, 0, 4, 0, 3, 5, 0, 1, 0, 4, 6, 0, 6, 0, 2, 3, 0, 3, 0, 5, 1, 0, 0, 0, 5, 6, 1, 5, 4, 2",29.802,2,8,5
154,"1, 4, 2, 2, 4, 3, 0, 0, 0, 1, 1, 0, 1, 0, 5, 5, 0, 3, 0, 4, 6, 0, 6, 0, 2, 5, 0, 6, 0, 2, 3, 0, 0, 0, 6, 4, 1, 1, 5, 3",29.962,2,8,5
155,"1, 5, 6, 3, 1, 1, 0, 0, 0, 1, 4, 0, 6, 0, 3, 1, 0, 5, 0, 2, 2, 0, 4, 0, 4, 6, 0, 5, 0, 2, 3, 0, 0, 0, 3, 4, 6, 5, 1, 2",30.122,2,8,5
156,"5, 3, 5, 5, 1, 6, 0, 0, 0, 1, 4, 0, 1, 0, 6, 6, 0, 3, 0, 4, 2, 0, 2, 0, 2, 1, 0, 1, 0, 2, 4, 0, 0, 0, 4, 3, 5, 6, 1, 3",30.282,2,8,5
157,"3, 1, 1, 2, 5, 5, 0, 0, 0, 2, 4, 0, 2, 0, 6, 4, 0, 5, 0, 3, 2, 0, 1, 0, 6, 1, 0, 6, 0, 1, 4, 0, 0, 0, 6, 5, 4, 3, 1, 3",30.441,2,8,5
158,"6, 2, 2, 1, 2, 5, 0, 0, 0, 3, 3, 0, 1, 0, 1, 4, 0, 4, 0, 1, 2, 0, 3, 0, 1, 5, 0, 6, 0, 3, 5, 0, 0, 0, 5, 6, 1, 6, 4, 4",30.6,2,8,5
159,"2, 6, 1, 4, 5, 3, 0, 0, 0, 5, 4, 0, 2, 0, 1, 3, 0, 3, 0, 1, 2, 0, 6, 0, 1, 6, 0, 6, 0, 5, 4, 0, 0, 0, 1, 3, 5, 2, 1, 4",30.76,2,8,5
160,"4, 2, 3, 6, 2, 5, 0, 0, 0, 1, 6, 0, 3, 0, 4, 6, 0, 5, 0, 4, 3, 0, 2, 0, 1, 1, 0, 1, 0, 6, 1, 0, 0, 0, 1, 3, 4, 2, 5, 5",30.921,2,8,5
161,"6, 5, 4, 6, 3, 2, 0, 0, 0, 1, 3, 0, 2, 0, 4, 4, 0, 5, 0, 1, 1, 0, 2, 0, 1, 1, 0, 3, 0, 5, 6, 0, 0, 0, 1, 3, 6, 2, 4, 5",31.079,2,8,5
162,"1, 1, 4, 6, 3, 1, 0, 0, 0, 1, 3, 0, 1, 0, 5, 5, 0, 4, 0, 2, 6, 0, 3, 0, 1, 2, 0, 5, 0, 5, 2, 0, 0, 0, 6, 3, 2, 4, 4, 6",31.239,2,8,5
163,"3, 5, 4, 6, 1, 4, 0, 0, 0, 1, 1, 0, 1, 0, 5, 4, 0, 5, 0, 6, 6, 0, 2, 0, 5, 2, 0, 1, 0, 6, 2, 0, 0, 0, 1, 3, 4, 3, 2, 3",31.4,2,8,5
164,"2, 5, 2, 2, 3, 4, 0, 0, 0, 4, 1, 0, 6, 0, 1, 5, 0, 1, 0, 5, 4, 0, 3, 0, 1, 3, 0, 6, 0, 6, 4, 0, 0, 0, 5, 2, 6, 1, 1, 3",31.56,2,8,5
165,"3, 5, 1, 4, 3, 6, 0, 0, 0, 2, 3, 0, 2, 0, 2, 6, 0, 4, 0, 1, 4, 0, 1, 0, 1, 5, 0, 5, 0, 6, 3, 0, 0, 0, 2, 1, 5, 6, 4, 1",31.719,2,8,5
166,"2, 6, 1, 4, 3, 5, 0, 0, 0, 4, 3, 0, 1, 0, 1, 5, 0, 6, 0, 3, 2, 0, 4, 0, 5, 2, 0, 1, 0, 1, 6, 0, 0, 0, 2, 6, 3, 5, 1, 4",31.878,2,8,5
167,"1, 3, 4, 5, 2, 1, 0, 0, 0, 2, 3, 0, 6, 0, 1, 5, 0, 1, 0, 4, 3, 0, 5, 0, 5, 1, 0, 4, 0, 2, 6, 0, 0, 0, 3, 2, 6, 1, 4, 6",32.039,2,8,5
168,"6, 3, 5, 2, 4, 1, 0, 0, 0, 4, 3, 0, 3, 0, 5, 3, 0, 1, 0, 1, 1, 0, 4, 0, 5, 5, 0, 6, 0, 1, 2, 0, 0, 0, 6, 1, 6, 2, 4, 2",32.198,2,8,5
169,"3, 2, 5, 1, 4, 5, 0, 0, 0, 1, 5, 0, 5, 0, 6, 1, 0, 1, 0, 1, 4, 0, 1, 0, 3, 4, 0, 3, 0, 4, 2, 0, 0, 0, 6, 2, 6, 6, 2, 3",32.357,2,8,5
170,"4, 3, 4, 1, 5, 1, 0, 0, 0, 3, 6, 0, 3, 0, 4, 5, 0, 6, 0, 2, 5, 0, 2, 0, 3, 1, 0, 1, 0, 6, 5, 0, 0, 0, 2, 2, 4, 1, 6, 1",32.516,2,8,5
171,"4, 5, 6, 3, 2, 3, 0, 0, 0, 3, 5, 0, 3, 0, 1, 2, 0, 6, 0, 1, 6, 0, 4, 0, 4, 5, 0, 1, 0, 4, 1, 0, 0, 0, 6, 2, 2, 1, 1, 5",32.676,2,8,5
172,"2, 5, 4, 2, 3, 3, 0, 0, 0, 1, 5, 0, 2, 0, 4, 6, 0, 6, 0, 3, 5, 0, 3, 0, 1, 4, 0, 1, 0, 1, 6, 0, 0, 0, 1, 6, 1, 4, 5, 2",32.835,2,8,5
173,"5, 5, 2, 5, 4, 3, 0, 0, 0, 6, 6, 0, 2, 0, 1, 1, 0, 3, 0, 6, 3, 0, 6, 0, 1, 4, 0, 2, 0, 2, 4, 0, 0, 0, 3, 5, 1, 4, 1, 1",32.995,2,8,5
174,"6, 3, 2, 4, 5, 1, 0, 0, 0, 1, 5, 0, 1, 0, 6, 3, 0, 2, 0, 4, 2, 0, 6, 0, 1, 5, 0, 4, 0, 3, 1, 0, 0, 0, 2, 4, 3, 6, 1, 5",33.156,2,8,5
175,"5, 4, 2, 3, 6, 2, 0, 0, 0, 1, 1, 0, 4, 0, 3, 2, 0, 4, 0, 5, 5, 0, 1, 0, 5, 1, 0, 1, 0, 3, 4, 0, 0, 0, 6, 6, 1, 2, 6, 3",33.315,2,8,5
176,"2, 1, 3, 4, 2, 4, 0, 0, 0, 1, 2, 0, 3, 0, 1, 1, 0, 4, 0, 6, 5, 0, 5, 0, 6, 1, 0, 5, 0, 3, 6, 0, 0, 0, 4, 3, 2, 6, 5, 1",33.479,2,8,5
177,"4, 2, 3, 6, 5, 3, 0, 0, 0, 1, 2, 0, 1, 0, 2, 6, 0, 4, 0, 1, 6, 0, 3, 0, 4, 5, 0, 1, 0, 1, 5, 0, 0, 0, 2, 4, 3, 5, 1, 6",33.634,2,8,5
178,"2, 4, 3, 5, 3, 6, 0, 0, 0, 6, 1, 0, 6, 0, 2, 1, 0, 1, 0, 2, 5, 0, 1, 0, 3, 4, 0, 5, 0, 6, 5, 0, 0, 0, 4, 3, 1, 1, 2, 4",33.797,2,8,5
179,"3, 5, 4, 2, 5, 2, 0, 0, 0, 1, 5, 0, 1, 0, 2, 4, 0, 1, 0, 6, 4, 0, 6, 0, 1, 6, 0, 5, 0, 2, 3, 0, 0, 0, 1, 1, 3, 6, 3, 4",33.959,2,8,5
180,"2, 5, 5, 4, 5, 4, 0, 0, 0, 3, 1, 0, 1, 0, 6, 2, 0, 1, 0, 1, 3, 0, 4, 0, 3, 6, 0, 2, 0, 6, 4, 0, 0, 0, 6, 5, 1, 1, 3, 2",34.116,2,8,5
181,"5, 1, 6, 4, 3, 6, 0, 0, 0, 2, 5, 0, 2, 0, 1, 5, 0, 1, 0, 3, 1, 0, 2, 0, 4, 3, 0, 1, 0, 1, 6, 0, 0, 0, 4, 6, 2, 4, 3, 5",34.277,2,8,5
182,"4, 1, 3, 2, 6, 1, 0, 0, 0, 4, 1, 0, 5, 0, 2, 3, 0, 3, 0, 5, 1, 0, 4, 0, 1, 5, 0, 4, 0, 5, 2, 0, 0, 0, 2, 6, 6, 1, 6, 3",34.439,2,8,5
183,"3, 2, 1, 6, 4, 6, 0, 0, 0, 2, 6, 0, 5, 0, 1, 3, 0, 4, 0, 2, 3, 0, 1, 0, 1, 3, 0, 4, 0, 1, 4, 0, 0, 0, 5, 5, 6, 1, 5, 2",34.605,2,8,5
184,"5, 3, 2, 6, 1, 4, 0, 0, 0, 2, 6, 0, 6, 0, 1, 2, 0, 1, 0, 4, 4, 0, 3, 0, 3, 1, 0, 1, 0, 3, 5, 0, 0, 0, 4, 5, 1, 2, 6, 5",34.759,2,8,5
185,"2, 5, 1, 4, 6, 1, 0, 0, 0, 5, 3, 0, 3, 0, 1, 6, 0, 1, 0, 3, 6, 0, 4, 0, 5, 4, 0, 1, 0, 2, 2, 0, 0, 0, 5, 4, 6, 1, 3, 2",34.913,2,8,5
186,"4, 1, 2, 2, 1, 3, 0, 0, 0, 5, 2, 0, 1, 0, 5, 6, 0, 3, 0, 5, 3, 0, 5, 0, 6, 4, 0, 6, 0, 1, 4, 0, 0, 0, 1, 1, 3, 6, 2, 4",35.092,2,8,5
187,"1, 3, 6, 3, 4, 3, 0, 0, 0, 2, 5, 0, 2, 0, 6, 2, 0, 2, 0, 1, 6, 0, 1, 0, 1, 1, 0, 5, 0, 5, 4, 0, 0, 0, 3, 4, 4, 5, 1, 6",35.266,2,8,5
188,"4, 6, 3, 1, 6, 4, 0, 0, 0, 6, 4, 0, 2, 0, 3, 3, 0, 1, 0, 1, 2, 0, 1, 0, 5, 2, 0, 5, 0, 1, 3, 0, 0, 0, 5, 6, 1, 2, 5, 4",35.39,2,8,5
189,"1, 3, 5, 1, 4, 2, 0, 0, 0, 3, 6, 0, 1, 0, 5, 3, 0, 4, 0, 6, 5, 0, 4, 0, 1, 6, 0, 2, 0, 1, 5, 0, 0, 0, 6, 4, 2, 1, 2, 3",35.56,2,8,5
190,"4, 3, 3, 5, 6, 1, 0, 0, 0, 1, 6, 0, 2, 0, 3, 5, 0, 2, 0, 2, 4, 0, 4, 0, 5, 6, 0, 1, 0, 1, 2, 0, 0, 0, 1, 5, 6, 1, 3, 4",35.713,2,8,5
191,"5, 6, 1, 3, 4, 2, 0, 0, 0, 3, 5, 0, 4, 0, 4, 5, 0, 1, 0, 6, 1, 0, 6, 0, 1, 1, 0, 6, 0, 3, 3, 0, 0, 0, 1, 4, 2, 5, 2, 2",35.869,2,8,5
192,"2, 3, 6, 6, 5, 5, 0, 0, 0, 3, 1, 0, 5, 0, 1, 1, 0, 6, 0, 3, 1, 0, 4, 0, 4, 4, 0, 4, 0, 2, 1, 0, 0, 0, 2, 5, 6, 3, 1, 2",36.073,2,8,5
193,"1, 3, 4, 5, 6, 5, 0, 0, 0, 3, 5, 0, 1, 0, 2, 4, 0, 6, 0, 4, 3, 0, 6, 0, 1, 2, 0, 3, 0, 1, 2, 0, 0, 0, 1, 6, 4, 1, 5, 2",36.22,2,8,5
194,"1, 2, 2, 1, 6, 5, 0, 0, 0, 4, 1, 0, 2, 0, 5, 3, 0, 6, 0, 3, 5, 0, 6, 0, 1, 4, 0, 4, 0, 1, 3, 0, 0, 0, 5, 6, 3, 2, 4, 1",36.388,2,8,5
195,"6, 2, 2, 4, 5, 1, 0, 0, 0, 3, 1, 0, 5, 0, 3, 4, 0, 5, 0, 3, 1, 0, 1, 0, 4, 4, 0, 1, 0, 1, 2, 0, 0, 0, 6, 5, 6, 3, 2, 6",36.548,2,8,5
196,"4, 5, 2, 1, 6, 3, 0, 0, 0, 3, 2, 0, 1, 0, 3, 2, 0, 4, 0, 6, 5, 0, 1, 0, 6, 1, 0, 1, 0, 1, 4, 0, 0, 0, 4, 6, 5, 5, 3, 2",36.62,2,8,5
197,"4, 1, 6, 5, 2, 5, 0, 0, 0, 3, 5, 0, 3, 0, 1, 6, 0, 6, 0, 3, 2, 0, 4, 0, 5, 1, 0, 4, 0, 1, 1, 0, 0, 0, 6, 2, 3, 1, 2, 4",37.056,2,8,5
198,"3, 1, 5, 5, 2, 4, 0, 0, 0, 6, 6, 0, 5, 0, 6, 3, 0, 3, 0, 1, 1, 0, 6, 0, 1, 5, 0, 4, 0, 4, 2, 0, 0, 0, 1, 2, 1, 2, 4, 3",37.11,2,8,5
199,"5, 4, 6, 6, 6, 2, 0, 0, 0, 1, 1, 0, 1, 0, 4, 2, 0, 1, 0, 4, 1, 0, 3, 0, 3, 2, 0, 1, 0, 2, 3, 0, 0, 0, 5, 6, 5, 5, 4, 3",37.172,2,8,5
200,"5, 1, 3, 1, 4, 1, 0, 0, 0, 2, 3, 0, 5, 0, 5, 6, 0, 6, 0, 1, 6, 0, 2, 0, 3, 2, 0, 1, 0, 4, 2, 0, 0, 0, 4, 4, 3, 1, 6, 5",37.305,2,8,5
201,"1, 1, 4, 5, 7, 0, 6, 5, 1, 0, 1, 0, 6, 0, 7, 2, 4, 0, 4, 4, 1, 2, 0, 1, 7, 3, 0, 3, 0, 7, 0, 2, 6, 6, 0, 2, 5, 3, 5, 3",23.305,3,8,5
202,"2, 2, 4, 5, 5, 0, 7, 4, 4, 0, 1, 0, 7, 0, 5, 3, 7, 0, 1, 1, 3, 7, 0, 5, 4, 1, 0, 6, 0, 1, 0, 2, 1, 2, 0, 3, 3, 6, 6, 6",23.576,3,8,5
203,"4, 4, 4, 6, 6, 0, 7, 7, 5, 0, 5, 0, 2, 0, 3, 5, 4, 0, 1, 1, 6, 2, 0, 2, 3, 7, 0, 2, 0, 7, 0, 3, 1, 5, 0, 6, 1, 1, 3, 1",23.731,3,8,5
204,"7, 1, 1, 6, 6, 0, 2, 2, 4, 0, 7, 0, 1, 0, 1, 6, 5, 0, 2, 3, 4, 3, 0, 5, 4, 3, 0, 4, 0, 5, 0, 6, 2, 5, 0, 1, 1, 7, 7, 3",24.166,3,8,5
205,"3, 4, 3, 4, 4, 0, 1, 3, 7, 0, 1, 0, 4, 0, 1, 2, 7, 0, 1, 6, 2, 1, 0, 5, 6, 3, 0, 2, 0, 5, 0, 6, 1, 5, 0, 6, 2, 7, 7, 5",24.172,3,8,5
206,"2, 5, 2, 3, 7, 0, 5, 3, 7, 0, 1, 0, 4, 0, 6, 2, 6, 0, 1, 1, 1, 5, 0, 2, 4, 6, 0, 6, 0, 3, 0, 5, 3, 7, 0, 4, 4, 1, 1, 7",24.351,3,8,5
207,"5, 7, 5, 5, 1, 0, 7, 1, 1, 0, 1, 0, 6, 0, 7, 7, 6, 0, 5, 1, 4, 3, 0, 1, 4, 3, 0, 4, 0, 2, 0, 4, 3, 2, 0, 6, 2, 3, 6, 2",24.541,3,8,5
208,"4, 2, 2, 3, 4, 0, 7, 7, 1, 0, 3, 0, 6, 0, 1, 4, 6, 0, 3, 1, 1, 3, 0, 4, 6, 6, 0, 7, 0, 7, 0, 5, 2, 5, 0, 1, 5, 2, 1, 5",24.825,3,8,5
209,"2, 3, 5, 3, 6, 0, 2, 1, 6, 0, 7, 0, 5, 0, 6, 1, 4, 0, 4, 5, 7, 2, 0, 7, 1, 1, 0, 5, 0, 6, 0, 2, 7, 3, 0, 3, 1, 1, 4, 4",24.969,3,8,5
210,"6, 2, 3, 1, 2, 0, 6, 3, 4, 0, 4, 0, 1, 0, 4, 7, 4, 0, 7, 6, 1, 2, 0, 6, 1, 3, 0, 3, 0, 7, 0, 5, 7, 1, 0, 1, 5, 2, 5, 5",25.172,3,8,5
211,"2, 4, 1, 6, 2, 0, 6, 1, 4, 0, 1, 0, 6, 0, 6, 1, 5, 0, 3, 3, 4, 2, 0, 7, 5, 5, 0, 7, 0, 5, 0, 4, 1, 3, 0, 2, 3, 1, 7, 7",25.379,3,8,5
212,"1, 1, 6, 1, 1, 0, 7, 3, 2, 0, 7, 0, 3, 0, 2, 4, 5, 0, 2, 6, 6, 1, 0, 5, 4, 6, 0, 4, 0, 1, 0, 3, 4, 2, 0, 7, 5, 5, 7, 3",25.566,3,8,5
213,"6, 6, 1, 4, 4, 0, 5, 7, 7, 0, 7, 0, 3, 0, 3, 5, 5, 0, 5, 1, 1, 2, 0, 4, 1, 7, 0, 2, 0, 2, 0, 1, 2, 6, 0, 1, 3, 3, 4, 6",25.768,3,8,5
214,"4, 1, 1, 1, 1, 0, 3, 3, 2, 0, 4, 0, 7, 0, 5, 5, 5, 0, 2, 2, 6, 4, 0, 7, 2, 3, 0, 6, 0, 3, 0, 4, 5, 7, 0, 1, 7, 6, 6, 1",25.979,3,8,5
215,"2, 2, 1, 3, 1, 0, 1, 5, 6, 0, 4, 0, 6, 0, 4, 1, 7, 0, 7, 5, 5, 2, 0, 1, 1, 2, 0, 5, 0, 3, 0, 7, 3, 4, 0, 4, 7, 3, 6, 6",26.188,3,8,5
216,"2, 2, 7, 5, 5, 0, 1, 1, 7, 0, 7, 0, 3, 0, 1, 1, 3, 0, 5, 4, 4, 1, 0, 5, 2, 6, 0, 2, 0, 1, 0, 6, 7, 3, 0, 6, 3, 4, 4, 6",26.39,3,8,5
217,"2, 5, 4, 2, 5, 0, 6, 4, 4, 0, 5, 0, 4, 0, 5, 2, 6, 0, 3, 1, 1, 7, 0, 3, 6, 1, 0, 1, 0, 6, 0, 3, 7, 1, 0, 3, 2, 7, 1, 7",26.588,3,8,5
218,"4, 3, 3, 1, 2, 0, 7, 1, 1, 0, 4, 0, 7, 0, 5, 5, 2, 0, 6, 6, 7, 6, 0, 1, 2, 7, 0, 3, 0, 2, 0, 6, 5, 4, 0, 1, 3, 5, 1, 4",26.797,3,8,5
219,"1, 1, 7, 4, 7, 0, 1, 2, 4, 0, 1, 0, 7, 0, 7, 3, 2, 0, 5, 6, 4, 6, 0, 6, 3, 3, 0, 5, 0, 2, 0, 6, 1, 5, 0, 4, 3, 2, 1, 5",27.005,3,8,5
220,"4, 1, 4, 4, 1, 0, 4, 2, 7, 0, 1, 0, 2, 0, 3, 5, 3, 0, 1, 5, 6, 1, 0, 1, 3, 7, 0, 6, 0, 6, 0, 3, 5, 7, 0, 2, 7, 5, 2, 6",27.219,3,8,5
221,"3, 4, 4, 5, 1, 0, 2, 6, 5, 0, 7, 0, 1, 0, 1, 3, 2, 0, 6, 4, 2, 1, 0, 5, 2, 1, 0, 5, 0, 7, 0, 3, 1, 7, 0, 7, 3, 6, 6, 4",27.406,3,8,5
222,"6, 7, 7, 2, 4, 0, 5, 5, 4, 0, 1, 0, 7, 0, 7, 6, 2, 0, 6, 2, 1, 3, 0, 5, 3, 2, 0, 4, 0, 1, 0, 5, 3, 4, 0, 6, 1, 3, 1, 1",27.615,3,8,5
223,"1, 6, 2, 7, 1, 0, 3, 3, 7, 0, 4, 0, 1, 0, 1, 5, 6, 0, 4, 4, 2, 4, 0, 1, 5, 6, 0, 1, 0, 7, 0, 7, 6, 5, 0, 5, 2, 3, 2, 3",27.816,3,8,5
224,"1, 3, 3, 6, 6, 0, 2, 6, 6, 0, 1, 0, 5, 0, 7, 4, 7, 0, 3, 2, 5, 7, 0, 3, 4, 5, 0, 4, 0, 2, 0, 5, 1, 1, 0, 2, 4, 7, 1, 1",28.029,3,8,5
225,"1, 5, 7, 1, 7, 0, 4, 5, 7, 0, 6, 0, 6, 0, 1, 1, 2, 0, 7, 2, 6, 4, 0, 4, 1, 3, 0, 3, 0, 2, 0, 1, 6, 3, 0, 5, 4, 2, 5, 3",28.226,3,8,5
226,"4, 4, 1, 5, 2, 0, 5, 3, 5, 0, 2, 0, 3, 0, 6, 1, 4, 0, 1, 2, 7, 1, 0, 4, 7, 2, 0, 7, 0, 1, 0, 5, 6, 7, 0, 3, 1, 6, 6, 3",28.433,3,8,5
227,"2, 7, 2, 1, 1, 0, 6, 3, 6, 0, 6, 0, 7, 0, 1, 3, 7, 0, 4, 5, 1, 2, 0, 7, 1, 4, 0, 2, 0, 3, 0, 5, 5, 1, 0, 3, 4, 6, 4, 5",28.636,3,8,5
228,"6, 3, 3, 6, 2, 0, 3, 5, 1, 0, 5, 0, 6, 0, 5, 2, 1, 0, 5, 1, 3, 7, 0, 2, 7, 4, 0, 4, 0, 2, 0, 6, 7, 1, 0, 1, 4, 4, 1, 7",28.841,3,8,5
229,"6, 4, 1, 6, 4, 0, 7, 4, 5, 0, 7, 0, 3, 0, 1, 3, 6, 0, 2, 4, 1, 2, 0, 1, 7, 6, 0, 3, 0, 5, 0, 3, 7, 1, 0, 5, 1, 2, 2, 5",29.048,3,8,5
230,"3, 5, 7, 5, 6, 0, 3, 5, 4, 0, 5, 0, 1, 0, 6, 4, 7, 0, 1, 2, 7, 2, 0, 1, 1, 4, 0, 1, 0, 7, 0, 4, 3, 2, 0, 1, 3, 6, 2, 6",29.251,3,8,5
231,"3, 5, 5, 5, 4, 0, 5, 7, 1, 0, 1, 0, 7, 0, 2, 1, 6, 0, 3, 2, 6, 3, 0, 7, 1, 4, 0, 4, 0, 6, 0, 3, 2, 7, 0, 1, 2, 1, 6, 4",29.456,3,8,5
232,"3, 7, 6, 7, 5, 0, 2, 3, 7, 0, 7, 0, 2, 0, 1, 1, 5, 0, 4, 4, 3, 1, 0, 2, 2, 6, 0, 3, 0, 1, 0, 1, 6, 1, 0, 5, 6, 5, 4, 4",29.661,3,8,5
233,"3, 4, 2, 3, 3, 0, 1, 2, 1, 0, 5, 0, 1, 0, 2, 1, 7, 0, 5, 7, 6, 4, 0, 5, 2, 5, 0, 6, 0, 3, 0, 1, 1, 7, 0, 6, 4, 6, 7, 4",29.867,3,8,5
234,"1, 5, 6, 5, 7, 0, 1, 1, 1, 0, 1, 0, 4, 0, 2, 4, 4, 0, 6, 7, 3, 3, 0, 7, 7, 6, 0, 4, 0, 3, 0, 1, 5, 2, 0, 5, 3, 2, 2, 6",30.072,3,8,5
235,"2, 4, 3, 2, 2, 0, 1, 3, 3, 0, 1, 0, 4, 0, 2, 6, 4, 0, 6, 5, 1, 5, 0, 4, 7, 7, 0, 6, 0, 5, 0, 1, 6, 1, 0, 7, 7, 5, 1, 3",30.277,3,8,5
236,"7, 5, 5, 7, 7, 0, 4, 6, 1, 0, 2, 0, 7, 0, 5, 4, 1, 0, 3, 5, 4, 1, 0, 2, 1, 2, 0, 3, 0, 6, 0, 6, 2, 3, 0, 6, 1, 1, 3, 4",30.481,3,8,5
237,"2, 7, 6, 3, 3, 0, 6, 4, 1, 0, 7, 0, 4, 0, 1, 5, 4, 0, 2, 2, 6, 1, 0, 2, 1, 4, 0, 1, 0, 6, 0, 7, 3, 1, 0, 5, 3, 5, 7, 5",30.686,3,8,5
238,"3, 6, 3, 6, 5, 0, 2, 5, 7, 0, 7, 0, 1, 0, 2, 1, 1, 0, 1, 5, 3, 2, 0, 6, 3, 1, 0, 6, 0, 4, 0, 4, 5, 4, 0, 2, 1, 4, 7, 7",30.891,3,8,5
239,"2, 3, 6, 1, 5, 0, 3, 4, 4, 0, 2, 0, 2, 0, 6, 3, 7, 0, 5, 3, 1, 7, 0, 4, 6, 2, 0, 1, 0, 4, 0, 7, 5, 6, 0, 1, 1, 1, 5, 7",31.096,3,8,5
240,"2, 3, 4, 4, 1, 0, 7, 4, 6, 0, 1, 0, 5, 0, 3, 2, 1, 0, 6, 5, 5, 7, 0, 7, 1, 3, 0, 2, 0, 4, 0, 7, 6, 1, 0, 6, 5, 2, 1, 3",31.302,3,8,5
241,"4, 6, 4, 1, 1, 0, 6, 7, 4, 0, 3, 0, 7, 0, 2, 7, 5, 0, 3, 5, 1, 1, 0, 1, 7, 3, 0, 4, 0, 5, 0, 2, 6, 2, 0, 5, 6, 3, 1, 2",31.506,3,8,5
242,"2, 1, 7, 7, 2, 0, 2, 4, 6, 0, 5, 0, 5, 0, 1, 1, 4, 0, 7, 1, 3, 3, 0, 4, 1, 5, 0, 6, 0, 1, 0, 7, 3, 3, 0, 5, 6, 4, 2, 6",31.711,3,8,5
243,"2, 5, 2, 5, 6, 0, 5, 1, 1, 0, 6, 0, 3, 0, 1, 2, 1, 0, 1, 4, 7, 3, 0, 7, 6, 3, 0, 4, 0, 2, 0, 1, 5, 4, 0, 7, 4, 7, 3, 6",31.916,3,8,5
244,"6, 4, 1, 6, 4, 0, 5, 7, 5, 0, 1, 0, 1, 0, 2, 5, 7, 0, 2, 4, 3, 3, 0, 3, 6, 1, 0, 7, 0, 3, 0, 1, 1, 7, 0, 6, 2, 4, 2, 5",32.121,3,8,5
245,"3, 7, 7, 1, 6, 0, 2, 3, 6, 0, 7, 0, 3, 0, 4, 2, 2, 0, 1, 1, 2, 4, 0, 3, 5, 5, 0, 4, 0, 7, 0, 1, 1, 5, 0, 1, 5, 6, 6, 4",32.327,3,8,5
246,"3, 6, 4, 3, 5, 0, 2, 5, 2, 0, 6, 0, 6, 0, 1, 4, 4, 0, 5, 1, 3, 7, 0, 1, 1, 7, 0, 5, 0, 1, 0, 6, 7, 4, 0, 7, 1, 2, 2, 3",32.531,3,8,5
247,"3, 2, 7, 5, 1, 0, 5, 4, 3, 0, 1, 0, 3, 0, 3, 1, 2, 0, 5, 7, 6, 5, 0, 7, 1, 6, 0, 1, 0, 2, 0, 7, 4, 2, 0, 6, 4, 1, 4, 6",32.736,3,8,5
248,"6, 3, 7, 5, 7, 0, 3, 4, 1, 0, 4, 0, 1, 0, 4, 5, 7, 0, 1, 2, 2, 4, 0, 1, 3, 1, 0, 6, 0, 6, 0, 7, 3, 6, 0, 2, 5, 2, 1, 5",32.941,3,8,5
249,"1, 3, 4, 1, 3, 0, 1, 2, 6, 0, 7, 0, 1, 0, 4, 5, 7, 0, 5, 7, 1, 6, 0, 4, 7, 5, 0, 3, 0, 6, 0, 2, 2, 5, 0, 1, 3, 6, 4, 2",33.146,3,8,5
250,"5, 4, 5, 6, 5, 0, 7, 7, 1, 0, 7, 0, 3, 0, 4, 3, 2, 0, 3, 4, 3, 4, 0, 1, 2, 6, 0, 6, 0, 1, 0, 2, 5, 1, 0, 7, 1, 6, 2, 1",33.351,3,8,5
251,"1, 7, 3, 2, 7, 0, 6, 4, 2, 0, 6, 0, 5, 0, 1, 5, 5, 0, 1, 2, 6, 5, 0, 3, 2, 4, 0, 6, 0, 3, 0, 1, 1, 4, 0, 7, 3, 7, 4, 1",33.557,3,8,5
252,"5, 1, 5, 6, 2, 0, 5, 3, 1, 0, 3, 0, 4, 0, 2, 1, 1, 0, 5, 2, 4, 7, 0, 7, 7, 4, 0, 6, 0, 6, 0, 7, 3, 6, 0, 3, 1, 2, 1, 4",33.763,3,8,5
253,"5, 5, 6, 7, 3, 0, 4, 4, 1, 0, 3, 0, 2, 0, 4, 5, 3, 0, 2, 7, 2, 6, 0, 6, 3, 1, 0, 1, 0, 1, 0, 1, 5, 2, 0, 4, 7, 6, 7, 1",33.967,3,8,5
254,"7, 1, 2, 7, 6, 0, 5, 5, 7, 0, 6, 0, 3, 0, 5, 6, 3, 0, 2, 3, 6, 4, 0, 1, 1, 3, 0, 1, 0, 1, 0, 7, 4, 1, 0, 5, 4, 4, 2, 2",34.172,3,8,5
255,"7, 6, 3, 1, 3, 0, 3, 4, 1, 0, 1, 0, 4, 0, 5, 5, 2, 0, 2, 4, 1, 6, 0, 7, 7, 5, 0, 2, 0, 1, 0, 7, 6, 6, 0, 3, 1, 2, 5, 4",34.377,3,8,5
256,"1, 4, 2, 2, 5, 0, 1, 3, 7, 0, 1, 0, 6, 0, 6, 2, 3, 0, 5, 1, 5, 4, 0, 4, 5, 7, 0, 6, 0, 4, 0, 3, 1, 1, 0, 7, 6, 7, 2, 3",34.582,3,8,5
257,"4, 6, 3, 7, 6, 0, 5, 5, 2, 0, 6, 0, 4, 0, 7, 1, 3, 0, 7, 3, 4, 1, 0, 2, 1, 2, 0, 1, 0, 3, 0, 7, 1, 2, 0, 6, 1, 5, 4, 5",34.787,3,8,5
258,"5, 7, 2, 3, 5, 0, 4, 1, 5, 0, 3, 0, 1, 0, 2, 3, 2, 0, 6, 4, 6, 7, 0, 4, 7, 1, 0, 5, 0, 6, 0, 1, 2, 7, 0, 1, 6, 3, 4, 1",34.992,3,8,5
259,"2, 6, 1, 7, 3, 0, 6, 3, 1, 0, 4, 0, 5, 0, 3, 5, 1, 0, 4, 4, 2, 1, 0, 1, 5, 3, 0, 2, 0, 1, 0, 7, 4, 7, 0, 6, 7, 6, 5, 2",35.197,3,8,5
260,"3, 1, 5, 1, 1, 0, 2, 7, 4, 0, 6, 0, 7, 0, 6, 7, 3, 0, 2, 4, 1, 1, 0, 5, 5, 4, 0, 2, 0, 2, 0, 3, 5, 3, 0, 1, 6, 6, 7, 4",35.403,3,8,5
261,"3, 4, 3, 6, 7, 0, 5, 1, 5, 0, 2, 0, 3, 0, 5, 1, 2, 0, 1, 6, 6, 2, 0, 2, 4, 4, 0, 1, 0, 3, 0, 7, 5, 7, 0, 1, 6, 7, 4, 1",35.608,3,8,5
262,"4, 6, 1, 5, 4, 0, 1, 3, 1, 0, 4, 0, 5, 0, 7, 1, 2, 0, 1, 6, 3, 5, 0, 2, 7, 6, 0, 6, 0, 7, 0, 1, 2, 2, 0, 4, 5, 3, 7, 3",35.815,3,8,5
263,"5, 7, 4, 1, 3, 0, 1, 1, 3, 0, 2, 0, 7, 0, 6, 6, 3, 0, 7, 4, 1, 1, 0, 2, 4, 5, 0, 7, 0, 1, 0, 4, 3, 6, 0, 5, 2, 6, 2, 5",36.017,3,8,5
264,"4, 3, 7, 6, 5, 0, 2, 3, 2, 0, 1, 0, 6, 0, 5, 7, 1, 0, 5, 1, 5, 1, 0, 2, 4, 3, 0, 3, 0, 6, 0, 7, 1, 6, 0, 4, 2, 4, 1, 7",36.222,3,8,5
265,"5, 4, 7, 3, 1, 0, 3, 2, 1, 0, 1, 0, 1, 0, 5, 2, 4, 0, 6, 5, 6, 7, 0, 7, 6, 4, 0, 3, 0, 3, 0, 1, 6, 1, 0, 5, 2, 2, 7, 4",36.428,3,8,5
266,"4, 2, 5, 1, 7, 0, 7, 4, 3, 0, 5, 0, 2, 0, 3, 1, 4, 0, 6, 6, 1, 1, 0, 2, 6, 5, 0, 3, 0, 3, 0, 1, 6, 2, 0, 4, 7, 1, 7, 5",36.632,3,8,5
267,"7, 3, 3, 4, 6, 0, 6, 1, 4, 0, 2, 0, 6, 0, 1, 4, 2, 0, 2, 5, 3, 1, 0, 3, 1, 6, 0, 7, 0, 7, 0, 1, 4, 2, 0, 5, 5, 5, 7, 1",36.838,3,8,5
268,"6, 7, 3, 7, 5, 0, 4, 4, 2, 0, 2, 0, 4, 0, 2, 3, 3, 0, 1, 1, 1, 1, 0, 6, 6, 5, 0, 5, 0, 2, 0, 3, 7, 7, 0, 1, 1, 5, 6, 4",37.042,3,8,5
269,"2, 3, 3, 5, 4, 0, 7, 5, 1, 0, 6, 0, 1, 0, 7, 6, 1, 0, 5, 1, 4, 2, 0, 4, 2, 6, 0, 2, 0, 5, 0, 1, 7, 3, 0, 4, 6, 3, 1, 7",37.248,3,8,5
270,"4, 7, 7, 7, 4, 0, 5, 6, 1, 0, 4, 0, 3, 0, 5, 2, 1, 0, 6, 1, 2, 1, 0, 3, 5, 7, 0, 1, 0, 3, 0, 6, 2, 6, 0, 1, 4, 3, 5, 2",37.452,3,8,5
271,"7, 1, 7, 3, 6, 0, 5, 1, 1, 0, 3, 0, 6, 0, 2, 4, 4, 0, 7, 4, 3, 2, 0, 5, 6, 1, 0, 2, 0, 5, 0, 4, 1, 1, 0, 6, 5, 2, 3, 7",37.662,3,8,5
272,"1, 4, 3, 6, 5, 0, 5, 7, 3, 0, 5, 0, 4, 0, 7, 1, 2, 0, 2, 3, 6, 1, 0, 1, 3, 4, 0, 7, 0, 2, 0, 1, 2, 6, 0, 1, 5, 7, 4, 6",37.862,3,8,5
273,"6, 7, 6, 2, 1, 0, 4, 5, 4, 0, 4, 0, 7, 0, 3, 6, 5, 0, 3, 5, 1, 3, 0, 1, 2, 7, 0, 2, 0, 6, 0, 4, 1, 3, 0, 2, 1, 7, 1, 5",38.073,3,8,5
274,"3, 5, 7, 4, 2, 0, 2, 3, 2, 0, 1, 0, 6, 0, 1, 1, 7, 0, 1, 1, 3, 5, 0, 6, 2, 5, 0, 4, 0, 6, 0, 7, 4, 5, 0, 1, 6, 7, 4, 3",38.276,3,8,5
275,"5, 1, 4, 6, 1, 0, 2, 5, 7, 0, 2, 0, 5, 0, 1, 2, 7, 0, 1, 7, 3, 6, 0, 3, 1, 4, 0, 3, 0, 6, 0, 4, 3, 1, 0, 4, 2, 7, 6, 5",38.479,3,8,5
276,"6, 7, 5, 7, 4, 0, 1, 2, 2, 0, 2, 0, 3, 0, 3, 3, 1, 0, 5, 3, 6, 6, 0, 4, 5, 2, 0, 7, 0, 4, 0, 1, 7, 1, 0, 4, 5, 1, 1, 6",38.683,3,8,5
277,"3, 1, 6, 6, 7, 0, 3, 2, 5, 0, 5, 0, 6, 0, 5, 1, 1, 0, 4, 4, 7, 2, 0, 3, 2, 1, 0, 7, 0, 6, 0, 4, 1, 4, 0, 5, 7, 3, 2, 1",38.908,3,8,5
278,"6, 1, 7, 2, 1, 0, 4, 2, 3, 0, 1, 0, 4, 0, 5, 2, 5, 0, 1, 6, 1, 3, 0, 5, 6, 5, 0, 7, 0, 4, 0, 3, 7, 7, 0, 1, 2, 4, 3, 6",39.105,3,8,5
279,"2, 5, 6, 7, 3, 0, 4, 7, 2, 0, 1, 0, 4, 0, 2, 4, 5, 0, 6, 1, 7, 5, 0, 1, 1, 3, 0, 2, 0, 1, 0, 1, 6, 4, 0, 3, 3, 5, 7, 6",39.299,3,8,5
280,"3, 2, 7, 4, 2, 0, 4, 1, 6, 0, 5, 0, 6, 0, 7, 7, 4, 0, 1, 2, 1, 3, 0, 5, 1, 7, 0, 5, 0, 5, 0, 3, 6, 1, 0, 4, 1, 2, 6, 3",39.514,3,8,5
281,"7, 6, 1, 5, 4, 0, 1, 5, 2, 0, 3, 0, 7, 0, 1, 4, 1, 0, 3, 6, 2, 6, 0, 2, 5, 1, 0, 6, 0, 3, 0, 4, 3, 7, 0, 5, 1, 7, 4, 2",39.737,3,8,5
282,"4, 6, 2, 7, 7, 0, 1, 3, 4, 0, 5, 0, 4, 0, 3, 1, 1, 0, 5, 2, 1, 5, 0, 3, 1, 6, 0, 7, 0, 3, 0, 6, 5, 2, 0, 2, 1, 6, 7, 4",39.935,3,8,5
283,"4, 4, 4, 7, 2, 0, 2, 6, 1, 0, 1, 0, 6, 0, 1, 2, 3, 0, 1, 1, 5, 3, 0, 7, 5, 6, 0, 7, 0, 7, 0, 1, 3, 5, 0, 3, 2, 5, 6, 4",40.12,3,8,5
284,"6, 5, 7, 4, 3, 0, 7, 2, 7, 0, 2, 0, 2, 0, 1, 1, 4, 0, 1, 4, 1, 1, 0, 6, 5, 5, 0, 6, 0, 3, 0, 3, 5, 6, 0, 4, 7, 3, 1, 2",40.327,3,8,5
285,"3, 5, 6, 7, 2, 0, 4, 1, 5, 0, 5, 0, 6, 0, 2, 7, 1, 0, 1, 2, 6, 7, 0, 3, 3, 1, 0, 4, 0, 3, 0, 7, 1, 4, 0, 4, 6, 2, 1, 5",40.586,3,8,5
286,"2, 3, 7, 5, 1, 0, 6, 1, 2, 0, 1, 0, 3, 0, 7, 1, 3, 0, 5, 5, 6, 7, 0, 4, 1, 4, 0, 1, 0, 7, 0, 6, 2, 6, 0, 5, 4, 4, 2, 3",40.742,3,8,5
287,"3, 2, 1, 4, 5, 0, 4, 2, 7, 0, 1, 0, 2, 0, 4, 5, 7, 0, 6, 6, 6, 5, 0, 1, 7, 1, 0, 3, 0, 4, 0, 3, 6, 1, 0, 2, 5, 7, 1, 3",40.953,3,8,5
288,"6, 7, 4, 1, 2, 0, 1, 2, 7, 0, 5, 0, 3, 0, 1, 4, 4, 0, 2, 1, 6, 7, 0, 5, 3, 6, 0, 3, 0, 5, 0, 2, 3, 7, 0, 5, 1, 4, 1, 6",41.224,3,8,5
289,"6, 5, 4, 7, 3, 0, 1, 1, 5, 0, 2, 0, 5, 0, 7, 4, 1, 0, 7, 2, 4, 2, 0, 2, 1, 3, 0, 5, 0, 1, 0, 3, 6, 4, 0, 7, 1, 6, 3, 6",41.369,3,8,5
290,"5, 7, 6, 1, 4, 0, 1, 1, 3, 0, 6, 0, 2, 0, 5, 4, 6, 0, 5, 4, 3, 3, 0, 4, 2, 7, 0, 2, 0, 1, 0, 1, 7, 1, 0, 7, 6, 2, 3, 5",41.685,3,8,5
291,"3, 7, 4, 7, 5, 0, 7, 1, 1, 0, 2, 0, 5, 0, 2, 2, 1, 0, 4, 1, 6, 6, 0, 5, 1, 6, 0, 3, 0, 6, 0, 2, 3, 4, 0, 7, 5, 4, 1, 3",41.827,3,8,5
292,"6, 5, 4, 3, 7, 0, 4, 2, 1, 0, 6, 0, 5, 0, 1, 3, 3, 0, 2, 1, 7, 7, 0, 2, 5, 6, 0, 4, 0, 5, 0, 3, 1, 6, 0, 7, 1, 4, 2, 1",42.041,3,8,5
293,"2, 6, 5, 7, 3, 0, 1, 3, 7, 0, 1, 0, 5, 0, 1, 2, 2, 0, 6, 4, 1, 1, 0, 5, 4, 6, 0, 4, 0, 6, 0, 7, 3, 2, 0, 1, 3, 4, 7, 5",42.166,3,8,5
294,"1, 3, 5, 7, 6, 0, 2, 6, 4, 0, 3, 0, 1, 0, 3, 3, 6, 0, 1, 5, 2, 4, 0, 5, 7, 2, 0, 4, 0, 7, 0, 1, 1, 5, 0, 4, 6, 2, 7, 1",42.26,3,8,5
295,"5, 2, 7, 4, 3, 0, 1, 4, 2, 0, 3, 0, 3, 0, 6, 4, 6, 0, 2, 1, 7, 6, 0, 4, 1, 7, 0, 7, 0, 5, 0, 1, 1, 5, 0, 3, 1, 5, 6, 2",42.272,3,8,5
296,"5, 2, 7, 4, 3, 0, 6, 1, 7, 0, 7, 0, 5, 0, 2, 3, 3, 0, 1, 5, 4, 6, 0, 1, 5, 1, 0, 4, 0, 1, 0, 2, 3, 6, 0, 6, 1, 2, 4, 7",42.381,3,8,5
297,"7, 4, 5, 6, 2, 0, 1, 5, 1, 0, 1, 0, 4, 0, 6, 1, 7, 0, 4, 2, 4, 7, 0, 3, 2, 5, 0, 6, 0, 5, 0, 3, 1, 3, 0, 1, 2, 3, 7, 6",42.768,3,8,5
298,"6, 5, 7, 3, 1, 0, 7, 1, 1, 0, 2, 0, 5, 0, 3, 2, 5, 0, 1, 4, 1, 4, 0, 3, 4, 2, 0, 7, 0, 2, 0, 3, 1, 5, 0, 6, 6, 4, 7, 6",42.857,3,8,5
299,"2, 1, 7, 3, 5, 0, 4, 4, 6, 0, 4, 0, 5, 0, 7, 3, 6, 0, 5, 6, 3, 7, 0, 2, 1, 1, 0, 1, 0, 1, 0, 1, 2, 3, 0, 5, 4, 6, 7, 2",42.998,3,8,5
300,"1, 5, 6, 7, 3, 0, 3, 5, 4, 0, 5, 0, 6, 0, 2, 3, 6, 0, 1, 2, 1, 3, 0, 4, 1, 7, 0, 2, 0, 1, 0, 4, 1, 7, 0, 7, 6, 2, 4, 5",43.602,3,8,5
301,"7, 5, 5, 3, 3, 0, 7, 3, 1, 7, 0, 0, 6, 1, 1, 2, 0, 0, 7, 3, 2, 1, 0, 0, 1, 4, 2, 6, 0, 0, 4, 2, 1, 5, 0, 6, 6, 4, 5, 4",22.248,4,8,5
302,"7, 1, 4, 2, 1, 0, 5, 4, 2, 5, 0, 0, 7, 5, 5, 7, 0, 0, 4, 3, 4, 1, 0, 0, 3, 7, 6, 1, 0, 0, 6, 2, 1, 2, 0, 3, 3, 1, 6, 6",22.999,4,8,5
303,"5, 5, 7, 2, 5, 0, 4, 7, 7, 5, 0, 0, 2, 7, 1, 6, 0, 0, 4, 1, 4, 1, 0, 0, 1, 6, 3, 3, 0, 0, 1, 1, 6, 6, 0, 2, 4, 2, 3, 3",23.153,4,8,5
304,"1, 1, 2, 2, 2, 0, 6, 6, 1, 6, 0, 0, 3, 2, 1, 5, 0, 0, 5, 6, 7, 7, 0, 0, 1, 4, 7, 3, 0, 0, 4, 7, 1, 3, 0, 5, 4, 5, 3, 4",23.481,4,8,5
305,"2, 4, 4, 2, 3, 0, 1, 6, 1, 3, 0, 0, 7, 1, 6, 5, 0, 0, 5, 7, 1, 2, 0, 0, 5, 6, 4, 2, 0, 0, 6, 5, 7, 1, 0, 4, 3, 3, 1, 7",23.685,4,8,5
306,"5, 3, 3, 1, 1, 0, 4, 5, 4, 4, 0, 0, 6, 1, 1, 4, 0, 0, 2, 3, 1, 1, 0, 0, 3, 5, 2, 6, 0, 0, 6, 7, 2, 5, 0, 7, 7, 2, 6, 7",23.801,4,8,5
307,"3, 5, 6, 5, 3, 0, 7, 4, 1, 1, 0, 0, 4, 2, 1, 2, 0, 0, 6, 1, 2, 7, 0, 0, 3, 5, 1, 3, 0, 0, 1, 4, 4, 2, 0, 5, 6, 6, 7, 7",24.027,4,8,5
308,"1, 4, 3, 6, 4, 0, 1, 3, 6, 6, 0, 0, 2, 3, 3, 7, 0, 0, 6, 5, 1, 2, 0, 0, 2, 1, 1, 7, 0, 0, 1, 5, 2, 7, 0, 5, 4, 4, 7, 5",24.101,4,8,5
309,"3, 3, 5, 3, 3, 0, 1, 6, 6, 5, 0, 0, 4, 4, 1, 7, 0, 0, 2, 5, 4, 1, 0, 0, 7, 6, 6, 5, 0, 0, 4, 1, 7, 2, 0, 2, 2, 1, 7, 1",24.185,4,8,5
310,"1, 7, 2, 2, 7, 0, 6, 3, 1, 2, 0, 0, 1, 2, 4, 1, 0, 0, 6, 3, 1, 1, 0, 0, 4, 4, 6, 5, 0, 0, 7, 6, 3, 7, 0, 4, 5, 5, 5, 3",24.43,4,8,5
311,"6, 3, 7, 7, 6, 0, 7, 7, 2, 4, 0, 0, 3, 2, 4, 1, 0, 0, 1, 5, 1, 2, 0, 0, 5, 3, 1, 3, 0, 0, 1, 1, 5, 4, 0, 6, 2, 5, 4, 6",24.657,4,8,5
312,"4, 1, 4, 3, 5, 0, 1, 5, 1, 1, 0, 0, 5, 2, 3, 2, 0, 0, 6, 5, 7, 3, 0, 0, 6, 2, 7, 4, 0, 0, 6, 2, 7, 3, 0, 6, 7, 1, 1, 4",24.911,4,8,5
313,"1, 3, 5, 5, 3, 0, 1, 4, 6, 3, 0, 0, 7, 6, 3, 2, 0, 0, 1, 4, 1, 1, 0, 0, 2, 4, 7, 1, 0, 0, 7, 7, 4, 2, 0, 5, 6, 2, 6, 5",25.185,4,8,5
314,"1, 6, 1, 3, 3, 0, 1, 4, 4, 1, 0, 0, 7, 6, 2, 2, 0, 0, 5, 2, 7, 2, 0, 0, 5, 4, 5, 6, 0, 0, 1, 1, 4, 7, 0, 3, 3, 6, 5, 7",25.395,4,8,5
315,"4, 5, 1, 1, 5, 0, 7, 1, 4, 5, 0, 0, 1, 1, 1, 6, 0, 0, 6, 6, 7, 3, 0, 0, 5, 2, 2, 2, 0, 0, 6, 2, 4, 3, 0, 3, 7, 3, 7, 4",25.618,4,8,5
316,"3, 7, 3, 2, 2, 0, 4, 3, 5, 3, 0, 0, 1, 1, 1, 4, 0, 0, 5, 1, 7, 1, 0, 0, 1, 6, 6, 2, 0, 0, 7, 4, 4, 2, 0, 5, 5, 7, 6, 6",25.858,4,8,5
317,"1, 1, 4, 4, 2, 0, 2, 3, 3, 5, 0, 0, 3, 6, 7, 6, 0, 0, 4, 5, 7, 6, 0, 0, 3, 4, 5, 6, 0, 0, 7, 1, 1, 7, 0, 2, 1, 1, 2, 5",26.1,4,8,5
318,"7, 1, 4, 1, 7, 0, 5, 7, 2, 2, 0, 0, 4, 1, 3, 5, 0, 0, 7, 1, 6, 6, 0, 0, 3, 6, 2, 1, 0, 0, 5, 2, 5, 4, 0, 6, 4, 3, 1, 3",26.338,4,8,5
319,"7, 5, 4, 6, 2, 0, 2, 5, 6, 5, 0, 0, 4, 6, 7, 1, 0, 0, 4, 7, 7, 1, 0, 0, 4, 1, 5, 6, 0, 0, 1, 1, 3, 3, 0, 1, 3, 3, 2, 2",26.588,4,8,5
320,"4, 5, 1, 1, 7, 0, 3, 1, 1, 5, 0, 0, 4, 7, 3, 3, 0, 0, 2, 7, 6, 4, 0, 0, 2, 6, 3, 5, 0, 0, 4, 6, 7, 2, 0, 6, 1, 1, 2, 5",26.824,4,8,5
321,"5, 5, 4, 7, 7, 0, 7, 7, 2, 5, 0, 0, 6, 6, 3, 3, 0, 0, 1, 4, 4, 3, 0, 0, 2, 3, 1, 5, 0, 0, 2, 1, 1, 1, 0, 4, 2, 1, 6, 6",27.068,4,8,5
322,"3, 7, 7, 3, 3, 0, 2, 5, 4, 3, 0, 0, 7, 1, 4, 1, 0, 0, 6, 5, 4, 1, 0, 0, 1, 5, 7, 6, 0, 0, 2, 1, 1, 4, 0, 6, 6, 5, 2, 2",27.304,4,8,5
323,"7, 6, 7, 7, 2, 0, 1, 1, 2, 6, 0, 0, 5, 1, 1, 2, 0, 0, 4, 3, 1, 7, 0, 0, 5, 4, 6, 3, 0, 0, 1, 6, 3, 2, 0, 5, 5, 3, 4, 4",27.543,4,8,5
324,"4, 4, 2, 2, 7, 0, 5, 1, 2, 1, 0, 0, 4, 7, 5, 6, 0, 0, 3, 6, 2, 6, 0, 0, 1, 6, 4, 3, 0, 0, 5, 1, 5, 1, 0, 7, 7, 1, 3, 3",27.785,4,8,5
325,"6, 3, 1, 1, 6, 0, 7, 2, 4, 4, 0, 0, 7, 5, 1, 4, 0, 0, 3, 5, 2, 6, 0, 0, 1, 4, 3, 5, 0, 0, 3, 2, 6, 7, 0, 1, 1, 2, 5, 7",28.023,4,8,5
326,"1, 7, 5, 3, 7, 0, 3, 6, 6, 4, 0, 0, 1, 2, 4, 4, 0, 0, 6, 2, 2, 4, 0, 0, 5, 1, 6, 3, 0, 0, 1, 7, 2, 5, 0, 1, 1, 7, 5, 3",28.261,4,8,5
327,"3, 7, 5, 1, 7, 0, 3, 5, 4, 5, 0, 0, 2, 4, 1, 3, 0, 0, 5, 4, 6, 6, 0, 0, 6, 3, 4, 1, 0, 0, 1, 7, 1, 1, 0, 2, 6, 2, 2, 7",28.504,4,8,5
328,"6, 2, 2, 5, 5, 0, 1, 7, 6, 3, 0, 0, 3, 3, 7, 4, 0, 0, 1, 3, 5, 6, 0, 0, 7, 2, 1, 6, 0, 0, 4, 4, 1, 5, 0, 1, 2, 1, 4, 7",28.746,4,8,5
329,"1, 5, 1, 6, 7, 0, 2, 2, 7, 3, 0, 0, 5, 6, 3, 1, 0, 0, 1, 2, 2, 3, 0, 0, 4, 7, 4, 6, 0, 0, 4, 5, 1, 3, 0, 7, 6, 1, 4, 5",28.987,4,8,5
330,"7, 5, 7, 5, 3, 0, 4, 3, 1, 3, 0, 0, 2, 6, 6, 2, 0, 0, 6, 5, 1, 6, 0, 0, 4, 7, 4, 1, 0, 0, 1, 2, 3, 5, 0, 7, 1, 1, 4, 2",29.225,4,8,5
331,"1, 4, 6, 2, 5, 0, 7, 6, 1, 2, 0, 0, 7, 2, 5, 1, 0, 0, 7, 3, 5, 5, 0, 0, 2, 3, 4, 1, 0, 0, 4, 1, 7, 4, 0, 3, 3, 6, 6, 1",29.464,4,8,5
332,"6, 1, 7, 7, 1, 0, 5, 2, 3, 3, 0, 0, 6, 6, 1, 6, 0, 0, 4, 2, 2, 5, 0, 0, 2, 3, 7, 1, 0, 0, 7, 1, 1, 5, 0, 4, 4, 4, 3, 5",29.707,4,8,5
333,"4, 5, 4, 5, 1, 0, 2, 2, 7, 5, 0, 0, 7, 5, 1, 1, 0, 0, 1, 6, 4, 1, 0, 0, 2, 7, 3, 7, 0, 0, 6, 3, 6, 1, 0, 2, 3, 4, 6, 3",29.946,4,8,5
334,"3, 5, 3, 1, 3, 0, 1, 7, 4, 1, 0, 0, 7, 7, 4, 1, 0, 0, 3, 2, 6, 2, 0, 0, 6, 5, 6, 4, 0, 0, 6, 1, 7, 1, 0, 5, 5, 2, 2, 4",30.185,4,8,5
335,"1, 7, 1, 7, 6, 0, 3, 5, 2, 6, 0, 0, 1, 1, 7, 4, 0, 0, 6, 4, 4, 7, 0, 0, 2, 5, 2, 6, 0, 0, 3, 4, 5, 3, 0, 3, 1, 2, 5, 1",30.425,4,8,5
336,"5, 6, 2, 2, 4, 0, 7, 6, 7, 2, 0, 0, 5, 1, 4, 5, 0, 0, 6, 4, 7, 5, 0, 0, 4, 1, 3, 1, 0, 0, 1, 2, 3, 6, 0, 1, 7, 3, 3, 1",30.667,4,8,5
337,"6, 1, 3, 5, 7, 0, 6, 3, 2, 1, 0, 0, 3, 2, 5, 1, 0, 0, 7, 2, 4, 6, 0, 0, 1, 1, 5, 6, 0, 0, 4, 1, 4, 3, 0, 4, 2, 7, 7, 5",30.906,4,8,5
338,"6, 2, 1, 1, 1, 0, 6, 2, 6, 1, 0, 0, 3, 4, 4, 2, 0, 0, 4, 7, 5, 3, 0, 0, 7, 1, 7, 4, 0, 0, 3, 7, 3, 5, 0, 5, 2, 1, 5, 6",31.147,4,8,5
339,"4, 6, 7, 6, 1, 0, 2, 2, 4, 1, 0, 0, 2, 1, 7, 2, 0, 0, 1, 1, 7, 5, 0, 0, 5, 6, 6, 5, 0, 0, 4, 3, 3, 3, 0, 1, 4, 5, 7, 3",31.387,4,8,5
340,"7, 6, 4, 2, 5, 0, 2, 2, 7, 2, 0, 0, 5, 1, 6, 6, 0, 0, 1, 1, 1, 3, 0, 0, 5, 1, 3, 6, 0, 0, 4, 4, 7, 5, 0, 7, 3, 4, 1, 3",31.633,4,8,5
341,"3, 7, 6, 4, 2, 0, 3, 3, 6, 7, 0, 0, 5, 1, 1, 5, 0, 0, 6, 2, 1, 3, 0, 0, 1, 4, 7, 2, 0, 0, 4, 7, 6, 2, 0, 5, 4, 1, 5, 1",31.87,4,8,5
342,"1, 6, 3, 1, 3, 0, 7, 5, 6, 5, 0, 0, 2, 1, 5, 4, 0, 0, 2, 7, 2, 7, 0, 0, 3, 4, 5, 6, 0, 0, 6, 4, 1, 1, 0, 4, 2, 3, 1, 7",32.109,4,8,5
343,"3, 1, 6, 6, 3, 0, 5, 2, 4, 7, 0, 0, 4, 1, 6, 1, 0, 0, 2, 5, 2, 7, 0, 0, 1, 4, 6, 3, 0, 0, 1, 3, 7, 2, 0, 1, 4, 7, 5, 5",32.35,4,8,5
344,"5, 5, 2, 3, 1, 0, 7, 1, 6, 6, 0, 0, 4, 1, 4, 4, 0, 0, 3, 5, 2, 7, 0, 0, 7, 4, 6, 5, 0, 0, 7, 3, 6, 2, 0, 1, 1, 2, 3, 1",32.59,4,8,5
345,"6, 1, 4, 6, 1, 0, 5, 7, 2, 7, 0, 0, 1, 2, 3, 6, 0, 0, 1, 2, 7, 2, 0, 0, 1, 7, 3, 1, 0, 0, 3, 6, 5, 5, 0, 3, 5, 4, 4, 4",32.83,4,8,5
346,"1, 2, 6, 2, 4, 0, 1, 5, 6, 3, 0, 0, 7, 2, 7, 7, 0, 0, 4, 3, 1, 5, 0, 0, 4, 1, 3, 1, 0, 0, 6, 2, 5, 4, 0, 3, 6, 1, 5, 7",33.071,4,8,5
347,"5, 6, 7, 4, 3, 0, 2, 6, 1, 1, 0, 0, 7, 5, 3, 4, 0, 0, 2, 1, 1, 3, 0, 0, 6, 2, 4, 7, 0, 0, 6, 4, 3, 1, 0, 1, 5, 5, 2, 7",33.311,4,8,5
348,"7, 1, 2, 4, 5, 0, 3, 6, 7, 5, 0, 0, 4, 3, 5, 1, 0, 0, 7, 7, 4, 1, 0, 0, 2, 1, 1, 4, 0, 0, 3, 3, 1, 6, 0, 6, 6, 2, 2, 5",33.552,4,8,5
349,"4, 4, 2, 1, 1, 0, 5, 7, 2, 1, 0, 0, 2, 3, 3, 6, 0, 0, 5, 6, 7, 1, 0, 0, 5, 1, 4, 6, 0, 0, 3, 7, 3, 4, 0, 6, 7, 2, 5, 1",33.793,4,8,5
350,"5, 3, 2, 6, 5, 0, 5, 4, 1, 6, 0, 0, 3, 3, 4, 6, 0, 0, 1, 2, 3, 4, 0, 0, 4, 7, 1, 1, 0, 0, 7, 6, 7, 2, 0, 1, 5, 1, 2, 7",34.033,4,8,5
351,"5, 5, 6, 2, 7, 0, 2, 3, 1, 5, 0, 0, 3, 6, 4, 1, 0, 0, 3, 6, 7, 2, 0, 0, 7, 1, 7, 2, 0, 0, 4, 3, 1, 5, 0, 6, 4, 1, 1, 4",34.274,4,8,5
352,"1, 2, 2, 6, 5, 0, 7, 5, 7, 3, 0, 0, 5, 6, 2, 6, 0, 0, 3, 4, 5, 1, 0, 0, 7, 6, 1, 4, 0, 0, 1, 7, 4, 3, 0, 3, 1, 1, 2, 4",34.514,4,8,5
353,"1, 6, 2, 4, 1, 0, 1, 7, 2, 3, 0, 0, 7, 6, 7, 3, 0, 0, 7, 2, 6, 2, 0, 0, 3, 1, 4, 4, 0, 0, 4, 5, 6, 5, 0, 5, 5, 1, 3, 1",34.754,4,8,5
354,"7, 6, 5, 5, 5, 0, 6, 4, 7, 2, 0, 0, 7, 3, 1, 1, 0, 0, 6, 4, 3, 3, 0, 0, 4, 6, 2, 5, 0, 0, 2, 1, 1, 2, 0, 7, 1, 3, 4, 1",34.998,4,8,5
355,"5, 5, 3, 6, 4, 0, 7, 6, 2, 1, 0, 0, 7, 7, 3, 4, 0, 0, 3, 4, 2, 1, 0, 0, 5, 1, 3, 1, 0, 0, 6, 1, 1, 7, 0, 2, 5, 2, 4, 6",35.238,4,8,5
356,"6, 5, 3, 1, 3, 0, 7, 2, 3, 2, 0, 0, 5, 4, 3, 4, 0, 0, 1, 4, 6, 1, 0, 0, 2, 4, 1, 6, 0, 0, 2, 5, 1, 1, 0, 7, 7, 5, 6, 7",35.477,4,8,5
357,"2, 7, 7, 3, 1, 0, 7, 6, 5, 1, 0, 0, 6, 6, 5, 6, 0, 0, 5, 3, 1, 3, 0, 0, 4, 2, 2, 1, 0, 0, 4, 4, 5, 1, 0, 4, 3, 2, 7, 1",35.716,4,8,5
358,"1, 5, 7, 3, 7, 0, 1, 3, 5, 1, 0, 0, 2, 2, 7, 4, 0, 0, 5, 6, 2, 6, 0, 0, 6, 7, 4, 1, 0, 0, 4, 6, 3, 2, 0, 5, 3, 4, 1, 1",35.957,4,8,5
359,"5, 3, 1, 1, 2, 0, 1, 1, 4, 6, 0, 0, 5, 7, 6, 6, 0, 0, 7, 4, 2, 1, 0, 0, 4, 4, 1, 7, 0, 0, 2, 5, 3, 3, 0, 7, 6, 3, 2, 5",36.197,4,8,5
360,"3, 5, 1, 7, 6, 0, 4, 7, 3, 5, 0, 0, 1, 1, 7, 2, 0, 0, 6, 2, 7, 1, 0, 0, 6, 5, 2, 4, 0, 0, 3, 6, 3, 5, 0, 1, 4, 4, 2, 1",36.44,4,8,5
361,"6, 4, 3, 7, 3, 0, 3, 1, 5, 2, 0, 0, 4, 7, 7, 6, 0, 0, 3, 2, 1, 1, 0, 0, 1, 4, 5, 7, 0, 0, 1, 5, 2, 6, 0, 1, 4, 6, 5, 2",36.678,4,8,5
362,"2, 4, 3, 4, 1, 0, 1, 7, 5, 2, 0, 0, 1, 6, 5, 1, 0, 0, 3, 1, 7, 7, 0, 0, 6, 4, 3, 5, 0, 0, 2, 1, 6, 4, 0, 2, 6, 5, 3, 7",36.919,4,8,5
363,"7, 1, 5, 6, 3, 0, 7, 5, 4, 2, 0, 0, 1, 5, 4, 7, 0, 0, 1, 4, 4, 6, 0, 0, 2, 6, 6, 2, 0, 0, 3, 1, 1, 7, 0, 3, 2, 1, 3, 5",37.161,4,8,5
364,"4, 2, 5, 1, 7, 0, 3, 7, 5, 4, 0, 0, 3, 3, 2, 5, 0, 0, 4, 6, 6, 1, 0, 0, 7, 1, 1, 5, 0, 0, 2, 7, 1, 3, 0, 2, 6, 6, 1, 4",37.4,4,8,5
365,"4, 1, 6, 3, 6, 0, 4, 5, 6, 7, 0, 0, 1, 1, 2, 3, 0, 0, 2, 5, 2, 7, 0, 0, 5, 1, 1, 4, 0, 0, 3, 3, 1, 7, 0, 6, 2, 5, 7, 4",37.64,4,8,5
366,"4, 5, 5, 2, 1, 0, 3, 5, 6, 7, 0, 0, 2, 3, 5, 7, 0, 0, 6, 6, 2, 4, 0, 0, 2, 1, 7, 4, 0, 0, 3, 6, 1, 1, 0, 1, 7, 1, 4, 3",37.881,4,8,5
367,"3, 7, 4, 6, 1, 0, 3, 1, 2, 7, 0, 0, 1, 5, 6, 5, 0, 0, 7, 3, 3, 4, 0, 0, 7, 5, 2, 2, 0, 0, 1, 1, 5, 4, 0, 6, 4, 6, 1, 2",38.122,4,8,5
368,"1, 7, 7, 3, 5, 0, 1, 3, 5, 2, 0, 0, 1, 5, 3, 6, 0, 0, 4, 6, 2, 7, 0, 0, 1, 1, 6, 4, 0, 0, 4, 5, 3, 4, 0, 7, 6, 1, 2, 2",38.362,4,8,5
369,"6, 4, 5, 3, 1, 0, 3, 2, 1, 6, 0, 0, 1, 5, 7, 1, 0, 0, 3, 6, 7, 7, 0, 0, 5, 1, 2, 7, 0, 0, 4, 5, 4, 6, 0, 4, 2, 2, 1, 3",38.603,4,8,5
370,"5, 4, 2, 2, 4, 0, 6, 1, 1, 3, 0, 0, 6, 7, 2, 3, 0, 0, 2, 6, 1, 7, 0, 0, 1, 1, 1, 7, 0, 0, 5, 5, 6, 3, 0, 4, 4, 3, 7, 5",38.844,4,8,5
371,"3, 1, 4, 2, 7, 0, 1, 5, 3, 4, 0, 0, 1, 4, 4, 3, 0, 0, 1, 1, 5, 6, 0, 0, 6, 3, 7, 7, 0, 0, 6, 2, 5, 5, 0, 2, 7, 1, 2, 6",39.091,4,8,5
372,"2, 7, 6, 5, 2, 0, 6, 1, 4, 6, 0, 0, 3, 1, 4, 5, 0, 0, 5, 7, 7, 1, 0, 0, 4, 4, 3, 2, 0, 0, 3, 1, 5, 3, 0, 1, 6, 2, 7, 1",39.337,4,8,5
373,"6, 7, 1, 5, 4, 0, 2, 7, 5, 2, 0, 0, 3, 1, 3, 5, 0, 0, 7, 2, 1, 6, 0, 0, 6, 3, 1, 1, 0, 0, 4, 2, 5, 7, 0, 3, 4, 4, 1, 6",39.567,4,8,5
374,"2, 1, 5, 6, 3, 0, 6, 7, 3, 2, 0, 0, 4, 1, 6, 5, 0, 0, 1, 3, 5, 6, 0, 0, 3, 4, 1, 4, 0, 0, 2, 7, 5, 7, 0, 1, 7, 2, 4, 1",39.805,4,8,5
375,"7, 5, 3, 7, 7, 0, 4, 1, 6, 1, 0, 0, 5, 2, 2, 2, 0, 0, 1, 4, 1, 5, 0, 0, 6, 6, 1, 4, 0, 0, 3, 7, 2, 3, 0, 4, 6, 3, 5, 1",40.053,4,8,5
376,"6, 4, 1, 5, 7, 0, 6, 1, 2, 1, 0, 0, 5, 6, 3, 4, 0, 0, 2, 7, 4, 1, 0, 0, 5, 1, 6, 3, 0, 0, 3, 7, 2, 3, 0, 7, 2, 5, 4, 1",40.287,4,8,5
377,"1, 5, 2, 4, 1, 0, 6, 6, 7, 3, 0, 0, 7, 1, 3, 5, 0, 0, 2, 3, 4, 7, 0, 0, 2, 3, 2, 6, 0, 0, 4, 1, 5, 1, 0, 6, 7, 1, 4, 5",40.532,4,8,5
378,"2, 6, 4, 1, 4, 0, 5, 4, 1, 1, 0, 0, 2, 3, 7, 6, 0, 0, 5, 3, 5, 7, 0, 0, 7, 6, 2, 4, 0, 0, 3, 7, 5, 3, 0, 1, 1, 1, 2, 6",40.789,4,8,5
379,"1, 5, 4, 5, 2, 0, 5, 6, 2, 7, 0, 0, 4, 6, 3, 1, 0, 0, 7, 1, 2, 7, 0, 0, 1, 3, 6, 3, 0, 0, 3, 4, 1, 4, 0, 5, 1, 6, 7, 2",41.014,4,8,5
380,"3, 7, 6, 5, 1, 0, 1, 1, 1, 2, 0, 0, 7, 4, 5, 6, 0, 0, 1, 6, 7, 4, 0, 0, 5, 1, 2, 4, 0, 0, 5, 2, 3, 3, 0, 4, 2, 7, 3, 6",41.259,4,8,5
381,"1, 5, 1, 6, 7, 0, 3, 4, 2, 4, 0, 0, 3, 1, 3, 6, 0, 0, 1, 2, 4, 5, 0, 0, 4, 5, 6, 7, 0, 0, 7, 3, 1, 7, 0, 2, 1, 5, 6, 2",41.506,4,8,5
382,"2, 3, 6, 1, 7, 0, 2, 5, 2, 6, 0, 0, 4, 5, 4, 4, 0, 0, 6, 1, 5, 1, 0, 0, 2, 6, 7, 7, 0, 0, 3, 1, 1, 3, 0, 7, 3, 5, 1, 4",41.742,4,8,5
383,"6, 1, 2, 7, 5, 0, 6, 1, 5, 3, 0, 0, 2, 4, 7, 1, 0, 0, 1, 7, 2, 2, 0, 0, 3, 6, 4, 1, 0, 0, 3, 5, 3, 4, 0, 5, 7, 6, 1, 4",42.083,4,8,5
384,"4, 4, 5, 2, 7, 0, 4, 1, 1, 6, 0, 0, 7, 3, 5, 1, 0, 0, 3, 6, 6, 1, 0, 0, 4, 2, 2, 7, 0, 0, 2, 5, 3, 1, 0, 1, 7, 5, 3, 6",42.227,4,8,5
385,"6, 7, 2, 4, 3, 0, 2, 5, 1, 6, 0, 0, 1, 4, 5, 6, 0, 0, 7, 2, 6, 1, 0, 0, 1, 3, 5, 3, 0, 0, 3, 4, 4, 2, 0, 1, 5, 1, 7, 7",42.494,4,8,5
386,"6, 2, 4, 1, 3, 0, 1, 7, 6, 5, 0, 0, 1, 3, 3, 7, 0, 0, 1, 4, 2, 6, 0, 0, 7, 2, 1, 4, 0, 0, 3, 7, 5, 5, 0, 5, 4, 6, 2, 1",42.717,4,8,5
387,"2, 3, 4, 1, 7, 0, 7, 1, 3, 1, 0, 0, 6, 5, 2, 1, 0, 0, 3, 5, 3, 1, 0, 0, 6, 7, 4, 5, 0, 0, 7, 2, 4, 2, 0, 4, 6, 1, 5, 6",42.946,4,8,5
388,"2, 3, 5, 7, 4, 0, 1, 3, 1, 6, 0, 0, 1, 5, 6, 2, 0, 0, 3, 6, 2, 4, 0, 0, 7, 1, 5, 1, 0, 0, 4, 1, 4, 3, 0, 7, 5, 6, 7, 2",43.187,4,8,5
389,"2, 1, 6, 4, 3, 0, 5, 4, 3, 7, 0, 0, 5, 5, 6, 1, 0, 0, 7, 1, 3, 7, 0, 0, 6, 5, 3, 6, 0, 0, 2, 2, 1, 4, 0, 1, 1, 4, 7, 2",43.421,4,8,5
390,"6, 2, 7, 4, 3, 0, 5, 4, 5, 1, 0, 0, 2, 2, 5, 3, 0, 0, 1, 1, 1, 3, 0, 0, 2, 1, 7, 5, 0, 0, 6, 6, 4, 7, 0, 3, 4, 1, 7, 6",43.634,4,8,5
391,"4, 1, 5, 6, 3, 0, 2, 1, 7, 1, 0, 0, 6, 1, 6, 7, 0, 0, 4, 7, 1, 2, 0, 0, 2, 1, 4, 2, 0, 0, 5, 5, 7, 4, 0, 3, 6, 3, 3, 5",43.667,4,8,5
392,"7, 5, 2, 1, 3, 0, 1, 5, 6, 4, 0, 0, 2, 7, 1, 6, 0, 0, 7, 1, 4, 6, 0, 0, 3, 6, 2, 3, 0, 0, 4, 1, 7, 5, 0, 5, 3, 1, 2, 4",43.771,4,8,5
393,"7, 6, 5, 2, 4, 0, 3, 1, 5, 1, 0, 0, 6, 7, 6, 2, 0, 0, 7, 1, 1, 1, 0, 0, 5, 2, 3, 3, 0, 0, 4, 6, 2, 7, 0, 5, 4, 1, 3, 4",43.847,4,8,5
394,"5, 1, 4, 7, 2, 0, 2, 1, 5, 1, 0, 0, 1, 7, 1, 6, 0, 0, 6, 5, 7, 2, 0, 0, 3, 4, 6, 1, 0, 0, 3, 7, 6, 4, 0, 2, 5, 3, 3, 4",43.981,4,8,5
395,"6, 7, 2, 1, 2, 0, 7, 2, 5, 4, 0, 0, 4, 3, 3, 3, 0, 0, 6, 5, 1, 1, 0, 0, 1, 4, 6, 1, 0, 0, 7, 4, 5, 7, 0, 2, 5, 6, 1, 3",44.27,4,8,5
396,"7, 4, 3, 1, 2, 0, 4, 3, 7, 5, 0, 0, 7, 1, 1, 4, 0, 0, 5, 6, 2, 6, 0, 0, 1, 5, 2, 3, 0, 0, 7, 1, 6, 5, 0, 6, 2, 1, 3, 4",44.568,4,8,5
397,"7, 5, 7, 2, 3, 0, 5, 1, 3, 5, 0, 0, 6, 4, 7, 1, 0, 0, 1, 4, 7, 3, 0, 0, 1, 2, 2, 6, 0, 0, 6, 3, 1, 1, 0, 4, 4, 5, 6, 2",44.683,4,8,5
398,"6, 1, 7, 3, 2, 0, 6, 4, 5, 7, 0, 0, 2, 1, 3, 4, 0, 0, 2, 3, 1, 5, 0, 0, 7, 5, 5, 3, 0, 0, 1, 6, 1, 4, 0, 2, 7, 4, 6, 1",45.718,4,8,5
399,"5, 1, 3, 2, 6, 0, 7, 1, 5, 1, 0, 0, 6, 7, 5, 4, 0, 0, 5, 2, 2, 7, 0, 0, 7, 2, 3, 3, 0, 0, 4, 1, 4, 4, 0, 1, 6, 6, 1, 3",45.742,4,8,5
400,"2, 3, 4, 5, 6, 0, 3, 5, 1, 3, 0, 0, 6, 2, 4, 1, 0, 0, 1, 1, 1, 2, 0, 0, 7, 7, 7, 7, 0, 0, 4, 6, 5, 4, 0, 3, 1, 5, 6, 2",46.057,4,8,5
401,"3, 5, 0, 6, 5, 3, 6, 0, 2, 2, 0, 0, 0, 0, 0, 2, 2, 0, 5, 4, 4, 5, 0, 3, 4, 0, 0, 0, 0, 0, 4, 1, 0, 3, 1, 6, 6, 0, 1, 1",20.067,5,8,5
402,"6, 6, 0, 5, 4, 4, 4, 0, 1, 5, 0, 0, 0, 0, 0, 1, 5, 0, 4, 5, 1, 2, 0, 2, 1, 0, 0, 0, 0, 0, 6, 3, 0, 3, 3, 6, 3, 0, 2, 2",20.693,5,8,5
403,"6, 4, 0, 6, 4, 3, 4, 0, 2, 2, 0, 0, 0, 0, 0, 5, 5, 0, 4, 5, 3, 3, 0, 1, 5, 0, 0, 0, 0, 0, 3, 6, 0, 6, 1, 1, 1, 0, 2, 2",20.917,5,8,5
404,"5, 4, 0, 3, 4, 1, 1, 0, 4, 4, 0, 0, 0, 0, 0, 1, 1, 0, 3, 5, 5, 6, 0, 6, 6, 0, 0, 0, 0, 0, 2, 2, 0, 6, 5, 2, 2, 0, 3, 3",20.981,5,8,5
405,"5, 5, 0, 1, 4, 5, 5, 0, 1, 4, 0, 0, 0, 0, 0, 2, 4, 0, 2, 2, 6, 2, 0, 6, 4, 0, 0, 0, 0, 0, 1, 3, 0, 3, 1, 3, 6, 0, 6, 3",21.191,5,8,5
406,"2, 2, 0, 3, 6, 2, 2, 0, 3, 6, 0, 0, 0, 0, 0, 6, 6, 0, 5, 4, 5, 4, 0, 5, 1, 0, 0, 0, 0, 0, 5, 1, 0, 4, 3, 4, 1, 0, 3, 1",21.527,5,8,5
407,"3, 4, 0, 6, 6, 3, 4, 0, 5, 5, 0, 0, 0, 0, 0, 2, 2, 0, 1, 1, 6, 2, 0, 2, 1, 0, 0, 0, 0, 0, 5, 6, 0, 4, 1, 3, 4, 0, 5, 3",21.732,5,8,5
408,"3, 4, 0, 6, 4, 3, 5, 0, 6, 2, 0, 0, 0, 0, 0, 1, 5, 0, 2, 1, 5, 2, 0, 5, 1, 0, 0, 0, 0, 0, 1, 4, 0, 2, 4, 3, 3, 0, 6, 6",21.757,5,8,5
409,"6, 5, 0, 1, 5, 6, 4, 0, 1, 4, 0, 0, 0, 0, 0, 2, 2, 0, 3, 4, 4, 3, 0, 3, 6, 0, 0, 0, 0, 0, 3, 5, 0, 2, 5, 1, 1, 0, 2, 6",21.799,5,8,5
410,"5, 1, 0, 3, 3, 5, 2, 0, 4, 1, 0, 0, 0, 0, 0, 1, 1, 0, 2, 4, 2, 3, 0, 5, 5, 0, 0, 0, 0, 0, 6, 3, 0, 2, 4, 6, 6, 0, 6, 4",21.9,5,8,5
411,"1, 1, 0, 2, 6, 4, 3, 0, 2, 3, 0, 0, 0, 0, 0, 4, 2, 0, 4, 6, 6, 4, 0, 6, 2, 0, 0, 0, 0, 0, 1, 5, 0, 1, 5, 5, 3, 0, 3, 5",22.067,5,8,5
412,"5, 2, 0, 6, 5, 1, 1, 0, 4, 2, 0, 0, 0, 0, 0, 5, 6, 0, 5, 6, 3, 4, 0, 6, 4, 0, 0, 0, 0, 0, 2, 3, 0, 4, 2, 3, 3, 0, 1, 1",22.304,5,8,5
413,"3, 5, 0, 5, 4, 3, 3, 0, 3, 5, 0, 0, 0, 0, 0, 6, 2, 0, 2, 4, 6, 1, 0, 1, 5, 0, 0, 0, 0, 0, 1, 4, 0, 6, 1, 2, 6, 0, 4, 2",22.436,5,8,5
414,"3, 3, 0, 6, 5, 2, 1, 0, 6, 5, 0, 0, 0, 0, 0, 4, 4, 0, 2, 3, 2, 1, 0, 2, 6, 0, 0, 0, 0, 0, 1, 5, 0, 1, 3, 4, 5, 0, 4, 6",22.62,5,8,5
415,"5, 5, 0, 2, 4, 3, 1, 0, 3, 1, 0, 0, 0, 0, 0, 4, 2, 0, 4, 1, 6, 1, 0, 6, 4, 0, 0, 0, 0, 0, 5, 6, 0, 3, 2, 5, 6, 0, 3, 2",22.802,5,8,5
416,"3, 6, 0, 1, 6, 3, 2, 0, 2, 6, 0, 0, 0, 0, 0, 4, 6, 0, 4, 3, 2, 5, 0, 1, 5, 0, 0, 0, 0, 0, 4, 1, 0, 2, 3, 4, 1, 0, 5, 5",23.002,5,8,5
417,"1, 1, 0, 3, 2, 3, 2, 0, 6, 1, 0, 0, 0, 0, 0, 2, 6, 0, 1, 2, 5, 6, 0, 5, 3, 0, 0, 0, 0, 0, 5, 3, 0, 5, 4, 4, 4, 0, 6, 4",23.216,5,8,5
418,"3, 3, 0, 6, 3, 3, 2, 0, 5, 6, 0, 0, 0, 0, 0, 2, 6, 0, 1, 4, 2, 2, 0, 5, 6, 0, 0, 0, 0, 0, 5, 5, 0, 1, 4, 1, 4, 0, 4, 1",23.391,5,8,5
419,"2, 2, 0, 2, 4, 3, 3, 0, 6, 5, 0, 0, 0, 0, 0, 6, 4, 0, 5, 4, 2, 4, 0, 1, 6, 0, 0, 0, 0, 0, 5, 3, 0, 1, 1, 5, 3, 0, 6, 1",23.575,5,8,5
420,"2, 5, 0, 3, 3, 2, 4, 0, 5, 2, 0, 0, 0, 0, 0, 1, 3, 0, 1, 4, 6, 6, 0, 3, 2, 0, 0, 0, 0, 0, 4, 1, 0, 5, 4, 6, 6, 0, 1, 5",23.772,5,8,5
421,"6, 5, 0, 3, 1, 6, 4, 0, 2, 1, 0, 0, 0, 0, 0, 5, 6, 0, 4, 3, 6, 4, 0, 4, 2, 0, 0, 0, 0, 0, 5, 5, 0, 2, 2, 3, 1, 0, 3, 1",23.964,5,8,5
422,"1, 5, 0, 3, 1, 4, 4, 0, 5, 3, 0, 0, 0, 0, 0, 2, 4, 0, 6, 5, 3, 4, 0, 6, 3, 0, 0, 0, 0, 0, 1, 2, 0, 1, 5, 2, 2, 0, 6, 6",24.171,5,8,5
423,"4, 3, 0, 6, 4, 3, 6, 0, 6, 4, 0, 0, 0, 0, 0, 5, 1, 0, 4, 6, 2, 5, 0, 2, 1, 0, 0, 0, 0, 0, 3, 5, 0, 3, 5, 2, 1, 0, 2, 1",24.373,5,8,5
424,"6, 6, 0, 2, 3, 2, 4, 0, 5, 2, 0, 0, 0, 0, 0, 1, 1, 0, 5, 3, 5, 1, 0, 1, 2, 0, 0, 0, 0, 0, 5, 4, 0, 6, 6, 4, 4, 0, 3, 3",24.57,5,8,5
425,"3, 3, 0, 5, 3, 3, 5, 0, 1, 4, 0, 0, 0, 0, 0, 1, 2, 0, 5, 2, 6, 1, 0, 2, 4, 0, 0, 0, 0, 0, 6, 5, 0, 4, 4, 6, 1, 0, 6, 2",24.756,5,8,5
426,"5, 3, 0, 2, 5, 2, 3, 0, 4, 4, 0, 0, 0, 0, 0, 1, 4, 0, 1, 4, 2, 1, 0, 3, 3, 0, 0, 0, 0, 0, 6, 5, 0, 6, 2, 1, 6, 0, 6, 5",24.939,5,8,5
427,"1, 3, 0, 5, 3, 5, 1, 0, 4, 6, 0, 0, 0, 0, 0, 1, 4, 0, 6, 1, 6, 2, 0, 3, 2, 0, 0, 0, 0, 0, 6, 5, 0, 3, 4, 5, 4, 0, 2, 2",25.14,5,8,5
428,"6, 1, 0, 5, 4, 6, 4, 0, 1, 2, 0, 0, 0, 0, 0, 2, 2, 0, 5, 4, 3, 3, 0, 2, 4, 0, 0, 0, 0, 0, 5, 6, 0, 5, 6, 1, 3, 0, 3, 1",25.331,5,8,5
429,"3, 3, 0, 3, 3, 2, 2, 0, 6, 1, 0, 0, 0, 0, 0, 4, 5, 0, 2, 6, 1, 6, 0, 4, 5, 0, 0, 0, 0, 0, 1, 4, 0, 6, 4, 5, 2, 0, 5, 1",25.524,5,8,5
430,"6, 6, 0, 1, 4, 4, 3, 0, 2, 3, 0, 0, 0, 0, 0, 2, 3, 0, 3, 1, 2, 5, 0, 4, 2, 0, 0, 0, 0, 0, 1, 5, 0, 6, 6, 5, 4, 0, 1, 5",25.721,5,8,5
431,"5, 6, 0, 6, 4, 5, 1, 0, 6, 3, 0, 0, 0, 0, 0, 5, 2, 0, 1, 4, 3, 1, 0, 6, 3, 0, 0, 0, 0, 0, 5, 1, 0, 2, 4, 2, 2, 0, 4, 3",25.912,5,8,5
432,"5, 3, 0, 5, 3, 5, 6, 0, 1, 2, 0, 0, 0, 0, 0, 4, 5, 0, 4, 3, 6, 1, 0, 1, 1, 0, 0, 0, 0, 0, 6, 2, 0, 3, 2, 6, 4, 0, 2, 4",26.107,5,8,5
433,"4, 3, 0, 3, 1, 4, 2, 0, 2, 6, 0, 0, 0, 0, 0, 1, 2, 0, 1, 1, 5, 5, 0, 2, 6, 0, 0, 0, 0, 0, 6, 5, 0, 4, 3, 3, 5, 0, 4, 6",26.303,5,8,5
434,"3, 3, 0, 1, 5, 4, 6, 0, 4, 5, 0, 0, 0, 0, 0, 2, 6, 0, 3, 3, 2, 4, 0, 5, 1, 0, 0, 0, 0, 0, 2, 1, 0, 6, 5, 4, 6, 0, 2, 1",26.497,5,8,5
435,"4, 2, 0, 1, 5, 3, 2, 0, 4, 5, 0, 0, 0, 0, 0, 2, 3, 0, 3, 1, 1, 1, 0, 2, 4, 0, 0, 0, 0, 0, 6, 6, 0, 4, 3, 5, 5, 0, 6, 6",26.692,5,8,5
436,"6, 5, 0, 4, 1, 4, 4, 0, 2, 1, 0, 0, 0, 0, 0, 6, 2, 0, 5, 1, 3, 6, 0, 3, 4, 0, 0, 0, 0, 0, 2, 2, 0, 6, 1, 3, 5, 0, 5, 3",26.886,5,8,5
437,"1, 2, 0, 4, 1, 6, 2, 0, 6, 2, 0, 0, 0, 0, 0, 5, 2, 0, 3, 5, 5, 3, 0, 1, 3, 0, 0, 0, 0, 0, 4, 4, 0, 3, 5, 6, 1, 0, 4, 6",27.083,5,8,5
438,"1, 6, 0, 4, 4, 2, 5, 0, 3, 1, 0, 0, 0, 0, 0, 3, 6, 0, 5, 4, 6, 3, 0, 4, 2, 0, 0, 0, 0, 0, 2, 3, 0, 2, 1, 6, 5, 0, 5, 1",27.276,5,8,5
439,"5, 1, 0, 4, 1, 5, 3, 0, 2, 4, 0, 0, 0, 0, 0, 2, 6, 0, 6, 2, 1, 5, 0, 1, 6, 0, 0, 0, 0, 0, 5, 4, 0, 2, 3, 3, 6, 0, 3, 4",27.472,5,8,5
440,"2, 4, 0, 1, 4, 4, 3, 0, 2, 5, 0, 0, 0, 0, 0, 2, 1, 0, 5, 4, 3, 3, 0, 6, 6, 0, 0, 0, 0, 0, 5, 3, 0, 5, 6, 1, 1, 0, 2, 6",27.666,5,8,5
441,"3, 3, 0, 6, 5, 2, 3, 0, 4, 4, 0, 0, 0, 0, 0, 1, 1, 0, 6, 2, 6, 3, 0, 1, 5, 0, 0, 0, 0, 0, 4, 5, 0, 6, 1, 2, 4, 0, 2, 5",27.862,5,8,5
442,"3, 3, 0, 2, 5, 6, 3, 0, 1, 6, 0, 0, 0, 0, 0, 4, 3, 0, 1, 2, 4, 6, 0, 1, 5, 0, 0, 0, 0, 0, 6, 4, 0, 4, 5, 1, 2, 0, 2, 5",28.059,5,8,5
443,"6, 6, 0, 3, 2, 3, 3, 0, 2, 1, 0, 0, 0, 0, 0, 2, 6, 0, 1, 5, 4, 2, 0, 4, 1, 0, 0, 0, 0, 0, 3, 5, 0, 6, 1, 4, 4, 0, 5, 5",28.25,5,8,5
444,"1, 5, 0, 4, 6, 1, 5, 0, 2, 1, 0, 0, 0, 0, 0, 4, 6, 0, 4, 3, 4, 2, 0, 3, 5, 0, 0, 0, 0, 0, 3, 1, 0, 5, 6, 3, 2, 0, 6, 2",28.445,5,8,5
445,"1, 6, 0, 4, 1, 2, 5, 0, 5, 4, 0, 0, 0, 0, 0, 2, 2, 0, 3, 1, 6, 2, 0, 3, 5, 0, 0, 0, 0, 0, 3, 4, 0, 6, 4, 3, 5, 0, 6, 1",28.64,5,8,5
446,"5, 6, 0, 4, 2, 3, 4, 0, 6, 2, 0, 0, 0, 0, 0, 1, 6, 0, 3, 3, 2, 1, 0, 3, 4, 0, 0, 0, 0, 0, 2, 1, 0, 5, 5, 5, 6, 0, 1, 4",28.836,5,8,5
447,"5, 1, 0, 2, 4, 6, 3, 0, 4, 6, 0, 0, 0, 0, 0, 1, 5, 0, 2, 4, 3, 3, 0, 6, 1, 0, 0, 0, 0, 0, 3, 5, 0, 6, 4, 2, 5, 0, 2, 1",29.03,5,8,5
448,"1, 4, 0, 5, 2, 2, 3, 0, 4, 2, 0, 0, 0, 0, 0, 6, 5, 0, 2, 6, 1, 3, 0, 4, 5, 0, 0, 0, 0, 0, 5, 6, 0, 3, 4, 6, 1, 0, 1, 3",29.226,5,8,5
449,"3, 6, 0, 1, 3, 4, 3, 0, 4, 2, 0, 0, 0, 0, 0, 5, 5, 0, 2, 1, 5, 5, 0, 2, 4, 0, 0, 0, 0, 0, 4, 6, 0, 3, 1, 6, 6, 0, 1, 2",29.419,5,8,5
450,"6, 6, 0, 2, 4, 1, 3, 0, 5, 3, 0, 0, 0, 0, 0, 6, 1, 0, 3, 6, 1, 3, 0, 5, 4, 0, 0, 0, 0, 0, 5, 2, 0, 4, 1, 5, 2, 0, 4, 2",29.614,5,8,5
451,"1, 5, 0, 4, 2, 4, 6, 0, 6, 3, 0, 0, 0, 0, 0, 2, 3, 0, 3, 1, 2, 1, 0, 5, 3, 0, 0, 0, 0, 0, 4, 6, 0, 6, 2, 4, 1, 0, 5, 5",29.809,5,8,5
452,"2, 6, 0, 4, 5, 6, 3, 0, 3, 6, 0, 0, 0, 0, 0, 1, 4, 0, 2, 5, 4, 4, 0, 2, 1, 0, 0, 0, 0, 0, 1, 3, 0, 3, 6, 2, 5, 0, 1, 5",30.004,5,8,5
453,"2, 4, 0, 4, 1, 3, 6, 0, 5, 1, 0, 0, 0, 0, 0, 5, 2, 0, 6, 1, 4, 6, 0, 5, 3, 0, 0, 0, 0, 0, 3, 2, 0, 1, 5, 2, 4, 0, 3, 6",30.199,5,8,5
454,"3, 4, 0, 3, 4, 2, 1, 0, 6, 3, 0, 0, 0, 0, 0, 4, 2, 0, 6, 5, 2, 6, 0, 6, 3, 0, 0, 0, 0, 0, 5, 4, 0, 1, 5, 1, 5, 0, 1, 2",30.393,5,8,5
455,"3, 1, 0, 5, 6, 4, 3, 0, 5, 5, 0, 0, 0, 0, 0, 6, 2, 0, 4, 1, 1, 1, 0, 4, 2, 0, 0, 0, 0, 0, 2, 6, 0, 3, 3, 2, 4, 0, 5, 6",30.588,5,8,5
456,"2, 1, 0, 5, 2, 3, 3, 0, 4, 6, 0, 0, 0, 0, 0, 4, 5, 0, 1, 5, 2, 3, 0, 6, 1, 0, 0, 0, 0, 0, 6, 3, 0, 4, 5, 4, 6, 0, 2, 1",30.783,5,8,5
457,"1, 6, 0, 3, 2, 2, 6, 0, 1, 5, 0, 0, 0, 0, 0, 1, 3, 0, 3, 6, 3, 6, 0, 2, 4, 0, 0, 0, 0, 0, 4, 2, 0, 5, 5, 4, 4, 0, 5, 1",30.979,5,8,5
458,"4, 2, 0, 5, 5, 6, 3, 0, 1, 2, 0, 0, 0, 0, 0, 1, 6, 0, 5, 3, 4, 2, 0, 4, 3, 0, 0, 0, 0, 0, 1, 6, 0, 5, 4, 6, 2, 0, 1, 3",31.174,5,8,5
459,"2, 5, 0, 6, 4, 4, 2, 0, 6, 3, 0, 0, 0, 0, 0, 5, 3, 0, 4, 6, 3, 1, 0, 1, 6, 0, 0, 0, 0, 0, 2, 2, 0, 5, 1, 5, 3, 0, 1, 4",31.368,5,8,5
460,"4, 6, 0, 2, 5, 4, 1, 0, 6, 3, 0, 0, 0, 0, 0, 1, 4, 0, 5, 3, 3, 2, 0, 2, 1, 0, 0, 0, 0, 0, 1, 6, 0, 5, 5, 2, 4, 0, 3, 6",31.562,5,8,5
461,"1, 5, 0, 6, 5, 3, 6, 0, 2, 6, 0, 0, 0, 0, 0, 4, 1, 0, 4, 1, 3, 3, 0, 4, 5, 0, 0, 0, 0, 0, 5, 2, 0, 3, 1, 4, 2, 0, 2, 6",31.757,5,8,5
462,"6, 6, 0, 2, 3, 5, 3, 0, 5, 5, 0, 0, 0, 0, 0, 6, 1, 0, 2, 4, 1, 3, 0, 1, 2, 0, 0, 0, 0, 0, 5, 3, 0, 4, 2, 4, 4, 0, 1, 6",31.953,5,8,5
463,"2, 1, 0, 6, 3, 2, 3, 0, 3, 4, 0, 0, 0, 0, 0, 5, 3, 0, 4, 4, 6, 4, 0, 1, 2, 0, 0, 0, 0, 0, 6, 1, 0, 2, 5, 6, 5, 0, 5, 1",32.147,5,8,5
464,"5, 2, 0, 1, 6, 6, 6, 0, 1, 3, 0, 0, 0, 0, 0, 6, 4, 0, 1, 3, 1, 3, 0, 2, 4, 0, 0, 0, 0, 0, 2, 5, 0, 4, 5, 3, 4, 0, 2, 5",32.342,5,8,5
465,"1, 1, 0, 4, 4, 6, 1, 0, 2, 3, 0, 0, 0, 0, 0, 5, 6, 0, 2, 1, 2, 5, 0, 5, 4, 0, 0, 0, 0, 0, 4, 3, 0, 3, 6, 3, 2, 0, 5, 6",32.538,5,8,5
466,"4, 6, 0, 4, 2, 3, 5, 0, 3, 1, 0, 0, 0, 0, 0, 2, 1, 0, 6, 6, 2, 6, 0, 4, 1, 0, 0, 0, 0, 0, 5, 4, 0, 5, 3, 2, 5, 0, 3, 1",32.731,5,8,5
467,"6, 1, 0, 3, 6, 5, 3, 0, 4, 2, 0, 0, 0, 0, 0, 3, 4, 0, 5, 6, 4, 2, 0, 1, 5, 0, 0, 0, 0, 0, 2, 1, 0, 6, 2, 1, 3, 0, 5, 4",32.926,5,8,5
468,"4, 1, 0, 3, 6, 2, 5, 0, 5, 2, 0, 0, 0, 0, 0, 5, 3, 0, 3, 6, 6, 4, 0, 5, 4, 0, 0, 0, 0, 0, 1, 6, 0, 2, 2, 1, 3, 0, 1, 4",33.121,5,8,5
469,"4, 1, 0, 3, 6, 6, 1, 0, 6, 4, 0, 0, 0, 0, 0, 5, 2, 0, 4, 5, 2, 1, 0, 2, 5, 0, 0, 0, 0, 0, 6, 5, 0, 2, 1, 4, 3, 0, 3, 3",33.322,5,8,5
470,"2, 1, 0, 4, 3, 5, 5, 0, 4, 1, 0, 0, 0, 0, 0, 6, 5, 0, 1, 2, 5, 3, 0, 3, 6, 0, 0, 0, 0, 0, 6, 6, 0, 2, 4, 3, 2, 0, 1, 4",33.511,5,8,5
471,"5, 4, 0, 6, 2, 3, 4, 0, 5, 4, 0, 0, 0, 0, 0, 6, 1, 0, 1, 1, 6, 1, 0, 6, 2, 0, 0, 0, 0, 0, 2, 3, 0, 2, 3, 4, 3, 0, 5, 5",33.707,5,8,5
472,"3, 6, 0, 4, 1, 5, 1, 0, 6, 1, 0, 0, 0, 0, 0, 3, 6, 0, 2, 3, 3, 2, 0, 5, 5, 0, 0, 0, 0, 0, 2, 4, 0, 4, 4, 1, 5, 0, 2, 6",33.902,5,8,5
473,"5, 3, 0, 1, 1, 2, 6, 0, 4, 6, 0, 0, 0, 0, 0, 4, 5, 0, 2, 1, 6, 3, 0, 2, 5, 0, 0, 0, 0, 0, 4, 4, 0, 1, 3, 5, 6, 0, 3, 2",34.095,5,8,5
474,"2, 6, 0, 1, 4, 5, 2, 0, 1, 1, 0, 0, 0, 0, 0, 5, 5, 0, 6, 5, 3, 4, 0, 6, 4, 0, 0, 0, 0, 0, 6, 3, 0, 2, 2, 1, 4, 0, 3, 3",34.292,5,8,5
475,"3, 5, 0, 4, 2, 6, 2, 0, 1, 4, 0, 0, 0, 0, 0, 6, 2, 0, 5, 6, 3, 5, 0, 3, 1, 0, 0, 0, 0, 0, 4, 1, 0, 5, 4, 1, 2, 0, 3, 6",34.485,5,8,5
476,"5, 2, 0, 6, 1, 1, 5, 0, 2, 3, 0, 0, 0, 0, 0, 1, 6, 0, 3, 3, 4, 6, 0, 2, 6, 0, 0, 0, 0, 0, 5, 4, 0, 4, 2, 1, 3, 0, 4, 5",34.688,5,8,5
477,"3, 6, 0, 6, 2, 2, 4, 0, 2, 5, 0, 0, 0, 0, 0, 5, 1, 0, 1, 3, 1, 1, 0, 6, 3, 0, 0, 0, 0, 0, 6, 5, 0, 4, 5, 2, 4, 0, 4, 3",34.876,5,8,5
478,"6, 4, 0, 4, 2, 5, 5, 0, 3, 1, 0, 0, 0, 0, 0, 5, 2, 0, 3, 2, 2, 4, 0, 5, 3, 0, 0, 0, 0, 0, 4, 6, 0, 1, 1, 1, 6, 0, 3, 6",35.075,5,8,5
479,"1, 2, 0, 6, 2, 5, 4, 0, 1, 4, 0, 0, 0, 0, 0, 6, 4, 0, 3, 2, 5, 5, 0, 1, 3, 0, 0, 0, 0, 0, 5, 6, 0, 3, 6, 4, 3, 0, 2, 1",35.267,5,8,5
480,"6, 5, 0, 1, 3, 5, 2, 0, 4, 1, 0, 0, 0, 0, 0, 3, 6, 0, 2, 6, 4, 6, 0, 2, 4, 0, 0, 0, 0, 0, 1, 5, 0, 3, 2, 3, 1, 0, 4, 5",35.472,5,8,5
481,"3, 6, 0, 5, 4, 4, 3, 0, 3, 4, 0, 0, 0, 0, 0, 1, 5, 0, 6, 2, 2, 2, 0, 5, 6, 0, 0, 0, 0, 0, 5, 6, 0, 1, 1, 2, 1, 0, 3, 4",35.659,5,8,5
482,"2, 6, 0, 3, 1, 5, 1, 0, 4, 1, 0, 0, 0, 0, 0, 3, 2, 0, 3, 5, 4, 2, 0, 5, 1, 0, 0, 0, 0, 0, 3, 4, 0, 6, 4, 6, 6, 0, 5, 2",35.856,5,8,5
483,"2, 1, 0, 5, 1, 4, 3, 0, 2, 1, 0, 0, 0, 0, 0, 6, 4, 0, 4, 4, 5, 5, 0, 2, 3, 0, 0, 0, 0, 0, 6, 3, 0, 1, 6, 3, 5, 0, 6, 2",36.054,5,8,5
484,"1, 3, 0, 5, 6, 5, 5, 0, 4, 4, 0, 0, 0, 0, 0, 2, 2, 0, 1, 3, 3, 4, 0, 1, 3, 0, 0, 0, 0, 0, 6, 4, 0, 2, 6, 5, 6, 0, 2, 1",36.242,5,8,5
485,"6, 2, 0, 5, 5, 3, 3, 0, 4, 4, 0, 0, 0, 0, 0, 2, 6, 0, 5, 4, 4, 6, 0, 1, 1, 0, 0, 0, 0, 0, 3, 2, 0, 2, 1, 5, 1, 0, 3, 6",36.443,5,8,5
486,"5, 6, 0, 2, 3, 2, 6, 0, 5, 5, 0, 0, 0, 0, 0, 3, 1, 0, 4, 2, 3, 1, 0, 6, 4, 0, 0, 0, 0, 0, 4, 6, 0, 3, 1, 4, 2, 0, 1, 5",36.628,5,8,5
487,"2, 3, 0, 6, 4, 6, 1, 0, 4, 5, 0, 0, 0, 0, 0, 1, 6, 0, 1, 2, 5, 3, 0, 5, 2, 0, 0, 0, 0, 0, 6, 4, 0, 1, 3, 3, 5, 0, 4, 2",36.888,5,8,5
488,"1, 2, 0, 6, 4, 5, 4, 0, 1, 6, 0, 0, 0, 0, 0, 3, 5, 0, 1, 5, 2, 4, 0, 6, 2, 0, 0, 0, 0, 0, 3, 3, 0, 3, 1, 4, 6, 0, 5, 2",37.037,5,8,5
489,"4, 3, 0, 5, 2, 6, 2, 0, 2, 3, 0, 0, 0, 0, 0, 3, 6, 0, 5, 1, 1, 6, 0, 5, 4, 0, 0, 0, 0, 0, 1, 4, 0, 1, 6, 2, 5, 0, 4, 3",37.277,5,8,5
490,"1, 2, 0, 6, 4, 4, 2, 0, 3, 5, 0, 0, 0, 0, 0, 4, 2, 0, 6, 3, 5, 4, 0, 6, 3, 0, 0, 0, 0, 0, 5, 1, 0, 2, 6, 3, 1, 0, 5, 1",37.411,5,8,5
491,"1, 6, 0, 6, 3, 3, 3, 0, 2, 6, 0, 0, 0, 0, 0, 1, 1, 0, 4, 5, 2, 5, 0, 4, 2, 0, 0, 0, 0, 0, 5, 3, 0, 2, 4, 4, 5, 0, 6, 1",37.602,5,8,5
492,"1, 3, 0, 2, 6, 6, 6, 0, 5, 5, 0, 0, 0, 0, 0, 4, 1, 0, 5, 2, 3, 1, 0, 4, 4, 0, 0, 0, 0, 0, 2, 3, 0, 3, 2, 6, 4, 0, 1, 5",37.721,5,8,5
493,"4, 2, 0, 6, 3, 2, 3, 0, 3, 1, 0, 0, 0, 0, 0, 6, 4, 0, 4, 6, 1, 5, 0, 5, 1, 0, 0, 0, 0, 0, 3, 1, 0, 2, 5, 5, 2, 0, 6, 4",37.795,5,8,5
494,"3, 2, 0, 4, 6, 5, 3, 0, 1, 2, 0, 0, 0, 0, 0, 1, 3, 0, 5, 6, 4, 4, 0, 5, 6, 0, 0, 0, 0, 0, 1, 2, 0, 5, 1, 6, 2, 0, 3, 4",37.798,5,8,5
495,"6, 3, 0, 1, 2, 4, 5, 0, 4, 2, 0, 0, 0, 0, 0, 5, 6, 0, 4, 2, 1, 6, 0, 3, 4, 0, 0, 0, 0, 0, 1, 3, 0, 3, 5, 2, 5, 0, 1, 6",37.919,5,8,5
496,"3, 1, 0, 6, 2, 2, 1, 0, 4, 1, 0, 0, 0, 0, 0, 5, 2, 0, 3, 4, 5, 5, 0, 2, 4, 0, 0, 0, 0, 0, 6, 6, 0, 3, 5, 1, 6, 0, 4, 3",37.931,5,8,5
497,"1, 3, 0, 5, 6, 2, 1, 0, 2, 4, 0, 0, 0, 0, 0, 4, 6, 0, 2, 3, 5, 1, 0, 4, 5, 0, 0, 0, 0, 0, 5, 6, 0, 1, 3, 6, 4, 0, 3, 2",38.177,5,8,5
498,"1, 5, 0, 3, 6, 3, 2, 0, 4, 2, 0, 0, 0, 0, 0, 6, 3, 0, 1, 1, 6, 2, 0, 3, 5, 0, 0, 0, 0, 0, 4, 4, 0, 5, 5, 6, 2, 0, 4, 1",38.694,5,8,5
499,"5, 6, 0, 3, 2, 1, 5, 0, 6, 4, 0, 0, 0, 0, 0, 4, 2, 0, 6, 5, 4, 3, 0, 5, 1, 0, 0, 0, 0, 0, 2, 4, 0, 3, 1, 3, 2, 0, 1, 6",38.84,5,8,5
500,"4, 2, 0, 5, 3, 3, 5, 0, 5, 6, 0, 0, 0, 0, 0, 1, 1, 0, 1, 2, 1, 4, 0, 6, 2, 0, 0, 0, 0, 0, 3, 4, 0, 6, 5, 6, 3, 0, 2, 4",39.355,5,8,5
501,"0, 6, 6, 0, 5, 3, 0, 1, 3, 0, 4, 4, 0, 6, 5, 0, 5, 1, 0, 6, 5, 0, 2, 2, 0, 3, 3, 0, 1, 1, 0, 4, 1, 0, 1, 4, 0, 2, 2, 0",19.609,6,8,5
502,"0, 2, 1, 0, 1, 2, 0, 2, 6, 0, 3, 3, 0, 5, 6, 0, 2, 5, 0, 1, 6, 0, 3, 1, 0, 6, 1, 0, 3, 5, 0, 4, 4, 0, 4, 1, 0, 4, 5, 0",20.093,6,8,5
503,"0, 5, 4, 0, 4, 5, 0, 4, 4, 0, 1, 1, 0, 3, 3, 0, 5, 3, 0, 1, 6, 0, 1, 2, 0, 6, 5, 0, 3, 2, 0, 2, 2, 0, 6, 1, 0, 6, 1, 0",20.524,6,8,5
504,"0, 1, 6, 0, 2, 1, 0, 1, 2, 0, 6, 1, 0, 1, 6, 0, 4, 4, 0, 6, 1, 0, 5, 4, 0, 2, 2, 0, 5, 3, 0, 3, 4, 0, 5, 3, 0, 5, 3, 0",20.616,6,8,5
505,"0, 1, 5, 0, 1, 1, 0, 5, 1, 0, 6, 6, 0, 4, 2, 0, 3, 4, 0, 2, 1, 0, 1, 5, 0, 6, 6, 0, 3, 2, 0, 3, 5, 0, 3, 4, 0, 4, 2, 0",20.637,6,8,5
506,"0, 3, 3, 0, 2, 1, 0, 2, 2, 0, 6, 1, 0, 1, 2, 0, 6, 6, 0, 1, 1, 0, 1, 6, 0, 4, 4, 0, 5, 3, 0, 3, 5, 0, 4, 5, 0, 5, 4, 0",20.681,6,8,5
507,"0, 4, 3, 0, 4, 3, 0, 3, 6, 0, 6, 3, 0, 1, 4, 0, 4, 2, 0, 1, 2, 0, 2, 2, 0, 1, 5, 0, 5, 1, 0, 5, 1, 0, 5, 6, 0, 1, 6, 0",20.784,6,8,5
508,"0, 1, 1, 0, 4, 2, 0, 3, 2, 0, 2, 3, 0, 1, 4, 0, 2, 3, 0, 1, 6, 0, 1, 6, 0, 6, 5, 0, 6, 5, 0, 4, 3, 0, 1, 4, 0, 5, 5, 0",20.821,6,8,5
509,"0, 1, 6, 0, 1, 5, 0, 6, 5, 0, 2, 3, 0, 3, 2, 0, 4, 2, 0, 6, 2, 0, 4, 4, 0, 1, 4, 0, 3, 6, 0, 3, 5, 0, 1, 1, 0, 5, 1, 0",21.083,6,8,5
510,"0, 5, 1, 0, 6, 6, 0, 1, 4, 0, 5, 6, 0, 6, 1, 0, 4, 2, 0, 1, 4, 0, 3, 4, 0, 2, 1, 0, 5, 3, 0, 3, 1, 0, 5, 2, 0, 2, 3, 0",21.146,6,8,5
511,"0, 4, 6, 0, 6, 3, 0, 4, 3, 0, 2, 1, 0, 2, 1, 0, 1, 3, 0, 1, 3, 0, 5, 6, 0, 5, 4, 0, 6, 1, 0, 4, 1, 0, 2, 5, 0, 5, 2, 0",21.304,6,8,5
512,"0, 1, 1, 0, 4, 1, 0, 2, 2, 0, 1, 6, 0, 6, 4, 0, 3, 5, 0, 1, 6, 0, 5, 3, 0, 4, 6, 0, 2, 1, 0, 3, 2, 0, 3, 5, 0, 5, 4, 0",21.48,6,8,5
513,"0, 2, 6, 0, 2, 6, 0, 2, 1, 0, 1, 1, 0, 5, 5, 0, 4, 5, 0, 2, 1, 0, 3, 1, 0, 4, 1, 0, 3, 3, 0, 4, 6, 0, 3, 4, 0, 6, 5, 0",21.668,6,8,5
514,"0, 4, 1, 0, 5, 1, 0, 2, 5, 0, 2, 4, 0, 3, 3, 0, 6, 6, 0, 1, 2, 0, 1, 4, 0, 2, 5, 0, 4, 5, 0, 1, 3, 0, 3, 6, 0, 6, 1, 0",21.788,6,8,5
515,"0, 5, 5, 0, 5, 6, 0, 6, 1, 0, 1, 1, 0, 3, 3, 0, 6, 4, 0, 1, 2, 0, 2, 5, 0, 6, 3, 0, 4, 2, 0, 3, 4, 0, 4, 1, 0, 1, 2, 0",21.947,6,8,5
516,"0, 1, 1, 0, 6, 2, 0, 5, 3, 0, 3, 2, 0, 1, 6, 0, 6, 5, 0, 1, 4, 0, 4, 3, 0, 2, 3, 0, 6, 1, 0, 5, 1, 0, 5, 2, 0, 4, 4, 0",22.12,6,8,5
517,"0, 4, 1, 0, 3, 1, 0, 3, 1, 0, 2, 1, 0, 4, 5, 0, 5, 6, 0, 6, 2, 0, 3, 3, 0, 6, 4, 0, 1, 1, 0, 4, 2, 0, 2, 6, 0, 5, 5, 0",22.266,6,8,5
518,"0, 5, 6, 0, 5, 6, 0, 4, 2, 0, 5, 3, 0, 6, 3, 0, 4, 2, 0, 5, 1, 0, 1, 6, 0, 1, 1, 0, 2, 3, 0, 1, 3, 0, 1, 4, 0, 4, 2, 0",22.442,6,8,5
519,"0, 1, 2, 0, 4, 4, 0, 1, 5, 0, 5, 6, 0, 6, 2, 0, 2, 4, 0, 4, 6, 0, 1, 2, 0, 1, 5, 0, 6, 5, 0, 3, 1, 0, 3, 1, 0, 3, 3, 0",22.595,6,8,5
520,"0, 1, 1, 0, 3, 3, 0, 6, 5, 0, 4, 1, 0, 5, 4, 0, 3, 6, 0, 1, 4, 0, 5, 3, 0, 6, 5, 0, 2, 4, 0, 1, 6, 0, 2, 2, 0, 1, 2, 0",22.761,6,8,5
521,"0, 1, 1, 0, 1, 6, 0, 5, 5, 0, 3, 5, 0, 6, 1, 0, 5, 3, 0, 6, 6, 0, 2, 2, 0, 3, 2, 0, 4, 4, 0, 4, 1, 0, 1, 2, 0, 4, 3, 0",22.932,6,8,5
522,"0, 3, 3, 0, 1, 4, 0, 1, 4, 0, 1, 2, 0, 6, 1, 0, 1, 2, 0, 3, 5, 0, 6, 2, 0, 6, 5, 0, 2, 3, 0, 1, 4, 0, 5, 6, 0, 5, 4, 0",23.096,6,8,5
523,"0, 2, 2, 0, 4, 4, 0, 1, 3, 0, 5, 5, 0, 6, 4, 0, 1, 6, 0, 1, 4, 0, 2, 5, 0, 6, 1, 0, 3, 5, 0, 3, 2, 0, 1, 6, 0, 1, 3, 0",23.257,6,8,5
524,"0, 2, 1, 0, 1, 5, 0, 2, 5, 0, 4, 6, 0, 6, 4, 0, 1, 2, 0, 2, 4, 0, 3, 3, 0, 1, 3, 0, 4, 5, 0, 5, 6, 0, 3, 1, 0, 6, 1, 0",23.426,6,8,5
525,"0, 3, 5, 0, 1, 3, 0, 4, 5, 0, 2, 6, 0, 1, 1, 0, 3, 2, 0, 4, 1, 0, 3, 6, 0, 1, 6, 0, 1, 6, 0, 2, 4, 0, 4, 5, 0, 5, 2, 0",23.593,6,8,5
526,"0, 6, 4, 0, 2, 3, 0, 1, 6, 0, 4, 3, 0, 1, 2, 0, 3, 5, 0, 5, 1, 0, 1, 5, 0, 6, 1, 0, 3, 6, 0, 1, 2, 0, 5, 4, 0, 4, 2, 0",23.754,6,8,5
527,"0, 1, 3, 0, 1, 2, 0, 2, 4, 0, 5, 5, 0, 6, 6, 0, 5, 5, 0, 4, 4, 0, 3, 6, 0, 1, 3, 0, 2, 2, 0, 3, 1, 0, 6, 1, 0, 4, 1, 0",23.921,6,8,5
528,"0, 5, 1, 0, 4, 1, 0, 6, 2, 0, 3, 4, 0, 5, 2, 0, 3, 6, 0, 2, 5, 0, 3, 4, 0, 5, 1, 0, 2, 1, 0, 6, 3, 0, 4, 6, 0, 1, 1, 0",24.09,6,8,5
529,"0, 1, 1, 0, 6, 3, 0, 5, 6, 0, 3, 1, 0, 1, 2, 0, 4, 4, 0, 2, 6, 0, 6, 3, 0, 3, 2, 0, 1, 1, 0, 4, 4, 0, 5, 2, 0, 5, 5, 0",24.254,6,8,5
530,"0, 1, 3, 0, 1, 5, 0, 2, 1, 0, 6, 2, 0, 5, 5, 0, 4, 1, 0, 3, 4, 0, 5, 6, 0, 6, 1, 0, 1, 6, 0, 2, 3, 0, 4, 3, 0, 2, 4, 0",24.417,6,8,5
531,"0, 1, 3, 0, 1, 3, 0, 3, 1, 0, 4, 6, 0, 4, 1, 0, 2, 5, 0, 5, 4, 0, 1, 1, 0, 2, 2, 0, 2, 4, 0, 3, 5, 0, 6, 6, 0, 5, 6, 0",24.585,6,8,5
532,"0, 2, 4, 0, 2, 4, 0, 1, 2, 0, 5, 1, 0, 5, 5, 0, 2, 1, 0, 6, 6, 0, 3, 6, 0, 1, 1, 0, 4, 1, 0, 4, 6, 0, 3, 5, 0, 3, 3, 0",24.751,6,8,5
533,"0, 5, 4, 0, 1, 1, 0, 4, 3, 0, 5, 3, 0, 1, 4, 0, 4, 3, 0, 1, 6, 0, 2, 2, 0, 1, 1, 0, 6, 6, 0, 5, 2, 0, 5, 6, 0, 2, 3, 0",24.915,6,8,5
534,"0, 4, 5, 0, 5, 6, 0, 5, 1, 0, 4, 3, 0, 2, 6, 0, 3, 2, 0, 1, 1, 0, 4, 5, 0, 2, 1, 0, 6, 6, 0, 3, 1, 0, 3, 2, 0, 4, 1, 0",25.081,6,8,5
535,"0, 2, 1, 0, 1, 1, 0, 1, 2, 0, 3, 5, 0, 6, 6, 0, 6, 5, 0, 2, 3, 0, 2, 4, 0, 4, 1, 0, 4, 4, 0, 5, 5, 0, 3, 3, 0, 6, 1, 0",25.246,6,8,5
536,"0, 5, 2, 0, 6, 6, 0, 1, 1, 0, 2, 3, 0, 6, 4, 0, 5, 6, 0, 3, 5, 0, 4, 1, 0, 4, 3, 0, 1, 3, 0, 1, 2, 0, 4, 5, 0, 2, 1, 0",25.415,6,8,5
537,"0, 5, 1, 0, 3, 4, 0, 4, 3, 0, 1, 6, 0, 4, 4, 0, 6, 3, 0, 1, 3, 0, 2, 5, 0, 1, 5, 0, 6, 6, 0, 1, 2, 0, 2, 1, 0, 2, 5, 0",25.581,6,8,5
538,"0, 2, 6, 0, 5, 1, 0, 3, 5, 0, 6, 1, 0, 6, 1, 0, 2, 4, 0, 4, 3, 0, 5, 1, 0, 4, 3, 0, 1, 2, 0, 6, 5, 0, 2, 4, 0, 3, 1, 0",25.744,6,8,5
539,"0, 6, 4, 0, 5, 3, 0, 6, 6, 0, 3, 3, 0, 4, 3, 0, 4, 6, 0, 1, 2, 0, 5, 4, 0, 1, 2, 0, 2, 1, 0, 5, 1, 0, 1, 1, 0, 2, 5, 0",25.911,6,8,5
540,"0, 1, 1, 0, 5, 6, 0, 2, 6, 0, 4, 4, 0, 5, 4, 0, 5, 3, 0, 4, 3, 0, 2, 6, 0, 6, 3, 0, 2, 1, 0, 1, 1, 0, 1, 3, 0, 2, 5, 0",26.075,6,8,5
541,"0, 3, 5, 0, 2, 1, 0, 5, 4, 0, 5, 1, 0, 3, 2, 0, 4, 6, 0, 3, 2, 0, 6, 5, 0, 3, 2, 0, 1, 6, 0, 4, 1, 0, 1, 6, 0, 1, 4, 0",26.242,6,8,5
542,"0, 2, 2, 0, 3, 5, 0, 6, 1, 0, 6, 5, 0, 1, 1, 0, 6, 6, 0, 1, 3, 0, 2, 4, 0, 4, 4, 0, 5, 5, 0, 1, 4, 0, 3, 2, 0, 3, 1, 0",26.407,6,8,5
543,"0, 5, 4, 0, 4, 1, 0, 6, 3, 0, 1, 2, 0, 6, 6, 0, 2, 6, 0, 5, 1, 0, 3, 5, 0, 3, 4, 0, 4, 5, 0, 3, 1, 0, 1, 2, 0, 1, 2, 0",26.573,6,8,5
544,"0, 6, 6, 0, 1, 5, 0, 4, 1, 0, 6, 3, 0, 2, 3, 0, 1, 5, 0, 1, 2, 0, 3, 5, 0, 6, 3, 0, 5, 4, 0, 2, 2, 0, 1, 1, 0, 4, 4, 0",26.738,6,8,5
545,"0, 5, 2, 0, 4, 4, 0, 4, 3, 0, 6, 1, 0, 5, 4, 0, 6, 1, 0, 1, 6, 0, 3, 2, 0, 3, 6, 0, 1, 2, 0, 1, 5, 0, 3, 1, 0, 2, 5, 0",26.904,6,8,5
546,"0, 5, 1, 0, 1, 5, 0, 6, 3, 0, 1, 4, 0, 6, 2, 0, 5, 3, 0, 2, 3, 0, 1, 3, 0, 4, 2, 0, 1, 6, 0, 4, 5, 0, 6, 1, 0, 2, 4, 0",27.071,6,8,5
547,"0, 1, 4, 0, 6, 2, 0, 6, 1, 0, 5, 3, 0, 5, 1, 0, 2, 2, 0, 5, 2, 0, 1, 1, 0, 4, 3, 0, 5, 4, 0, 6, 1, 0, 4, 3, 0, 3, 6, 0",27.236,6,8,5
548,"0, 2, 6, 0, 2, 5, 0, 2, 3, 0, 4, 2, 0, 6, 3, 0, 5, 3, 0, 1, 3, 0, 5, 6, 0, 4, 1, 0, 1, 5, 0, 6, 1, 0, 4, 1, 0, 4, 1, 0",27.402,6,8,5
549,"0, 5, 6, 0, 4, 2, 0, 1, 4, 0, 2, 1, 0, 6, 1, 0, 6, 4, 0, 3, 1, 0, 5, 1, 0, 3, 4, 0, 2, 5, 0, 6, 2, 0, 1, 3, 0, 5, 3, 0",27.568,6,8,5
550,"0, 2, 6, 0, 2, 5, 0, 1, 2, 0, 4, 5, 0, 1, 1, 0, 1, 4, 0, 1, 6, 0, 3, 4, 0, 6, 5, 0, 2, 1, 0, 4, 5, 0, 3, 6, 0, 3, 3, 0",27.733,6,8,5
551,"0, 5, 1, 0, 2, 1, 0, 4, 1, 0, 3, 6, 0, 4, 1, 0, 6, 4, 0, 2, 4, 0, 1, 6, 0, 1, 6, 0, 3, 5, 0, 5, 5, 0, 2, 3, 0, 2, 3, 0",27.9,6,8,5
552,"0, 4, 1, 0, 4, 4, 0, 2, 1, 0, 5, 3, 0, 1, 5, 0, 2, 3, 0, 1, 5, 0, 2, 5, 0, 6, 3, 0, 6, 2, 0, 4, 3, 0, 1, 1, 0, 6, 6, 0",28.065,6,8,5
553,"0, 1, 1, 0, 1, 6, 0, 2, 2, 0, 4, 3, 0, 6, 5, 0, 1, 6, 0, 5, 3, 0, 4, 3, 0, 4, 1, 0, 3, 2, 0, 2, 5, 0, 1, 4, 0, 5, 6, 0",28.23,6,8,5
554,"0, 1, 5, 0, 3, 3, 0, 6, 1, 0, 2, 6, 0, 2, 6, 0, 2, 4, 0, 1, 5, 0, 6, 4, 0, 1, 3, 0, 3, 4, 0, 1, 5, 0, 2, 4, 0, 5, 1, 0",28.396,6,8,5
555,"0, 2, 6, 0, 4, 1, 0, 3, 4, 0, 1, 6, 0, 6, 5, 0, 5, 6, 0, 1, 2, 0, 2, 5, 0, 1, 1, 0, 3, 3, 0, 5, 2, 0, 4, 3, 0, 1, 4, 0",28.562,6,8,5
556,"0, 3, 1, 0, 1, 6, 0, 6, 4, 0, 6, 2, 0, 2, 6, 0, 4, 1, 0, 1, 5, 0, 5, 1, 0, 2, 3, 0, 4, 5, 0, 2, 5, 0, 3, 1, 0, 3, 4, 0",28.73,6,8,5
557,"0, 4, 1, 0, 6, 5, 0, 6, 3, 0, 2, 6, 0, 5, 2, 0, 2, 3, 0, 5, 3, 0, 1, 5, 0, 4, 2, 0, 1, 3, 0, 4, 1, 0, 6, 4, 0, 1, 1, 0",28.894,6,8,5
558,"0, 1, 5, 0, 2, 2, 0, 4, 4, 0, 3, 1, 0, 6, 2, 0, 6, 3, 0, 1, 1, 0, 6, 5, 0, 4, 5, 0, 3, 6, 0, 5, 4, 0, 1, 3, 0, 1, 2, 0",29.06,6,8,5
559,"0, 6, 4, 0, 2, 6, 0, 1, 3, 0, 5, 3, 0, 4, 4, 0, 5, 3, 0, 1, 6, 0, 4, 3, 0, 5, 1, 0, 2, 1, 0, 2, 5, 0, 1, 1, 0, 2, 6, 0",29.225,6,8,5
560,"0, 6, 1, 0, 2, 6, 0, 5, 6, 0, 1, 2, 0, 1, 4, 0, 3, 5, 0, 3, 1, 0, 2, 5, 0, 2, 4, 0, 4, 6, 0, 3, 1, 0, 4, 3, 0, 5, 1, 0",29.392,6,8,5
561,"0, 4, 1, 0, 4, 3, 0, 2, 6, 0, 1, 5, 0, 6, 2, 0, 5, 1, 0, 5, 2, 0, 4, 6, 0, 2, 3, 0, 4, 1, 0, 3, 1, 0, 3, 1, 0, 6, 5, 0",29.557,6,8,5
562,"0, 5, 5, 0, 4, 1, 0, 2, 1, 0, 6, 1, 0, 4, 3, 0, 5, 2, 0, 2, 4, 0, 3, 4, 0, 6, 3, 0, 2, 6, 0, 6, 1, 0, 1, 5, 0, 3, 1, 0",29.724,6,8,5
563,"0, 2, 6, 0, 2, 5, 0, 1, 5, 0, 3, 2, 0, 1, 1, 0, 5, 6, 0, 4, 1, 0, 6, 1, 0, 5, 3, 0, 4, 6, 0, 4, 4, 0, 3, 1, 0, 2, 3, 0",29.888,6,8,5
564,"0, 6, 1, 0, 3, 1, 0, 4, 3, 0, 1, 5, 0, 4, 2, 0, 5, 6, 0, 4, 6, 0, 2, 6, 0, 4, 1, 0, 2, 3, 0, 3, 1, 0, 1, 2, 0, 5, 5, 0",30.055,6,8,5
565,"0, 6, 2, 0, 2, 4, 0, 6, 1, 0, 3, 5, 0, 3, 2, 0, 1, 3, 0, 4, 2, 0, 1, 6, 0, 5, 5, 0, 1, 4, 0, 3, 5, 0, 1, 1, 0, 6, 4, 0",30.22,6,8,5
566,"0, 4, 1, 0, 5, 5, 0, 3, 2, 0, 6, 4, 0, 4, 3, 0, 2, 2, 0, 6, 1, 0, 1, 1, 0, 5, 3, 0, 1, 2, 0, 6, 5, 0, 4, 6, 0, 3, 1, 0",30.386,6,8,5
567,"0, 4, 1, 0, 3, 6, 0, 4, 2, 0, 3, 6, 0, 6, 2, 0, 2, 3, 0, 5, 1, 0, 1, 1, 0, 6, 2, 0, 5, 4, 0, 5, 1, 0, 5, 3, 0, 4, 1, 0",30.552,6,8,5
568,"0, 2, 2, 0, 5, 6, 0, 3, 3, 0, 1, 1, 0, 1, 4, 0, 3, 3, 0, 5, 4, 0, 1, 4, 0, 4, 6, 0, 1, 5, 0, 6, 1, 0, 6, 5, 0, 2, 2, 0",30.719,6,8,5
569,"0, 5, 1, 0, 3, 3, 0, 2, 4, 0, 3, 2, 0, 2, 5, 0, 1, 4, 0, 1, 6, 0, 5, 5, 0, 6, 1, 0, 6, 4, 0, 6, 4, 0, 1, 2, 0, 1, 3, 0",30.883,6,8,5
570,"0, 2, 1, 0, 2, 3, 0, 1, 6, 0, 6, 1, 0, 6, 4, 0, 5, 2, 0, 4, 3, 0, 3, 1, 0, 5, 5, 0, 5, 4, 0, 1, 4, 0, 6, 1, 0, 2, 3, 0",31.05,6,8,5
571,"0, 6, 3, 0, 5, 4, 0, 1, 1, 0, 2, 1, 0, 6, 4, 0, 4, 1, 0, 3, 2, 0, 6, 4, 0, 5, 3, 0, 2, 1, 0, 5, 5, 0, 3, 1, 0, 6, 2, 0",31.217,6,8,5
572,"0, 6, 4, 0, 5, 4, 0, 2, 1, 0, 3, 5, 0, 1, 4, 0, 5, 1, 0, 6, 2, 0, 3, 3, 0, 2, 5, 0, 3, 1, 0, 1, 6, 0, 2, 4, 0, 1, 6, 0",31.381,6,8,5
573,"0, 1, 6, 0, 5, 5, 0, 2, 3, 0, 5, 1, 0, 1, 4, 0, 3, 3, 0, 2, 3, 0, 4, 4, 0, 5, 1, 0, 6, 4, 0, 1, 6, 0, 2, 6, 0, 1, 2, 0",31.546,6,8,5
574,"0, 5, 4, 0, 1, 5, 0, 6, 4, 0, 2, 2, 0, 3, 2, 0, 3, 5, 0, 5, 3, 0, 2, 1, 0, 6, 1, 0, 1, 4, 0, 6, 1, 0, 6, 1, 0, 4, 3, 0",31.713,6,8,5
575,"0, 5, 6, 0, 2, 1, 0, 1, 3, 0, 1, 6, 0, 1, 4, 0, 6, 4, 0, 1, 3, 0, 5, 1, 0, 5, 4, 0, 2, 2, 0, 3, 3, 0, 4, 5, 0, 2, 6, 0",31.879,6,8,5
576,"0, 5, 4, 0, 6, 2, 0, 3, 5, 0, 3, 2, 0, 3, 1, 0, 6, 6, 0, 2, 1, 0, 5, 1, 0, 4, 4, 0, 2, 1, 0, 1, 6, 0, 3, 4, 0, 5, 1, 0",32.048,6,8,5
577,"0, 2, 3, 0, 4, 1, 0, 4, 1, 0, 5, 1, 0, 4, 6, 0, 1, 6, 0, 1, 2, 0, 6, 5, 0, 3, 3, 0, 1, 5, 0, 2, 2, 0, 5, 3, 0, 6, 4, 0",32.209,6,8,5
578,"0, 3, 5, 0, 1, 4, 0, 1, 5, 0, 2, 1, 0, 5, 1, 0, 6, 4, 0, 4, 6, 0, 3, 1, 0, 2, 2, 0, 3, 2, 0, 6, 6, 0, 3, 5, 0, 4, 1, 0",32.379,6,8,5
579,"0, 3, 4, 0, 6, 5, 0, 2, 5, 0, 1, 2, 0, 3, 1, 0, 1, 2, 0, 1, 4, 0, 1, 5, 0, 1, 5, 0, 3, 3, 0, 4, 2, 0, 4, 6, 0, 6, 6, 0",32.547,6,8,5
580,"0, 3, 2, 0, 1, 5, 0, 6, 3, 0, 2, 4, 0, 4, 4, 0, 3, 3, 0, 1, 5, 0, 6, 1, 0, 5, 2, 0, 1, 1, 0, 6, 6, 0, 2, 1, 0, 5, 4, 0",32.722,6,8,5
581,"0, 4, 3, 0, 1, 6, 0, 2, 1, 0, 6, 5, 0, 1, 2, 0, 2, 6, 0, 3, 1, 0, 5, 3, 0, 4, 5, 0, 2, 5, 0, 1, 1, 0, 6, 3, 0, 4, 4, 0",32.881,6,8,5
582,"0, 5, 6, 0, 3, 1, 0, 6, 2, 0, 1, 2, 0, 4, 5, 0, 2, 4, 0, 5, 6, 0, 3, 1, 0, 1, 4, 0, 3, 4, 0, 1, 2, 0, 1, 5, 0, 3, 6, 0",33.044,6,8,5
583,"0, 6, 3, 0, 2, 3, 0, 4, 6, 0, 1, 1, 0, 3, 6, 0, 1, 1, 0, 1, 1, 0, 3, 2, 0, 5, 5, 0, 2, 4, 0, 5, 5, 0, 4, 2, 0, 4, 6, 0",33.214,6,8,5
584,"0, 3, 3, 0, 5, 2, 0, 6, 4, 0, 4, 1, 0, 1, 6, 0, 2, 4, 0, 6, 2, 0, 5, 1, 0, 6, 5, 0, 3, 1, 0, 4, 1, 0, 2, 5, 0, 1, 3, 0",33.383,6,8,5
585,"0, 3, 5, 0, 1, 6, 0, 4, 3, 0, 2, 5, 0, 2, 3, 0, 4, 3, 0, 5, 6, 0, 4, 2, 0, 5, 1, 0, 6, 1, 0, 6, 1, 0, 1, 1, 0, 4, 2, 0",33.537,6,8,5
586,"0, 6, 3, 0, 5, 2, 0, 5, 2, 0, 1, 5, 0, 1, 4, 0, 6, 2, 0, 2, 6, 0, 1, 1, 0, 3, 4, 0, 4, 6, 0, 1, 3, 0, 4, 5, 0, 3, 1, 0",33.742,6,8,5
587,"0, 5, 4, 0, 3, 6, 0, 4, 5, 0, 6, 6, 0, 2, 1, 0, 4, 2, 0, 2, 1, 0, 6, 5, 0, 2, 3, 0, 1, 1, 0, 3, 1, 0, 1, 3, 0, 4, 5, 0",33.872,6,8,5
588,"0, 2, 6, 0, 4, 3, 0, 6, 1, 0, 6, 5, 0, 1, 5, 0, 2, 3, 0, 3, 4, 0, 4, 1, 0, 1, 1, 0, 5, 6, 0, 5, 1, 0, 2, 4, 0, 3, 2, 0",34.052,6,8,5
589,"0, 3, 4, 0, 6, 1, 0, 1, 2, 0, 4, 2, 0, 5, 1, 0, 5, 3, 0, 1, 2, 0, 2, 4, 0, 3, 5, 0, 5, 1, 0, 6, 6, 0, 4, 6, 0, 1, 3, 0",34.258,6,8,5
590,"0, 3, 5, 0, 1, 6, 0, 4, 2, 0, 5, 1, 0, 1, 5, 0, 1, 3, 0, 6, 4, 0, 3, 6, 0, 6, 4, 0, 1, 4, 0, 5, 2, 0, 3, 2, 0, 1, 2, 0",34.387,6,8,5
591,"0, 5, 1, 0, 4, 6, 0, 2, 5, 0, 1, 2, 0, 2, 3, 0, 5, 4, 0, 1, 1, 0, 1, 3, 0, 1, 4, 0, 3, 6, 0, 2, 5, 0, 6, 3, 0, 4, 6, 0",34.531,6,8,5
592,"0, 3, 6, 0, 4, 6, 0, 6, 1, 0, 2, 1, 0, 5, 1, 0, 1, 3, 0, 1, 5, 0, 4, 4, 0, 5, 2, 0, 2, 6, 0, 3, 3, 0, 5, 4, 0, 2, 1, 0",34.76,6,8,5
593,"0, 3, 1, 0, 5, 4, 0, 5, 5, 0, 3, 1, 0, 3, 2, 0, 6, 1, 0, 4, 4, 0, 2, 1, 0, 1, 4, 0, 2, 1, 0, 2, 6, 0, 6, 5, 0, 3, 6, 0",34.93,6,8,5
594,"0, 2, 4, 0, 6, 6, 0, 6, 5, 0, 1, 4, 0, 1, 3, 0, 4, 2, 0, 5, 1, 0, 1, 2, 0, 3, 1, 0, 5, 1, 0, 3, 3, 0, 5, 6, 0, 2, 4, 0",35.325,6,8,5
595,"0, 1, 5, 0, 6, 3, 0, 6, 3, 0, 2, 2, 0, 2, 1, 0, 3, 6, 0, 4, 5, 0, 5, 1, 0, 4, 4, 0, 1, 5, 0, 4, 1, 0, 1, 6, 0, 2, 3, 0",35.338,6,8,5
596,"0, 3, 1, 0, 4, 6, 0, 5, 5, 0, 2, 6, 0, 4, 1, 0, 5, 6, 0, 1, 3, 0, 3, 4, 0, 6, 1, 0, 5, 2, 0, 1, 2, 0, 2, 4, 0, 1, 3, 0",35.405,6,8,5
597,"0, 4, 5, 0, 1, 6, 0, 3, 3, 0, 6, 3, 0, 2, 6, 0, 1, 1, 0, 4, 3, 0, 2, 4, 0, 5, 5, 0, 1, 1, 0, 2, 6, 0, 5, 1, 0, 4, 2, 0",35.63,6,8,5
598,"0, 1, 2, 0, 3, 5, 0, 4, 6, 0, 1, 4, 0, 3, 5, 0, 5, 6, 0, 1, 4, 0, 3, 1, 0, 2, 6, 0, 2, 1, 0, 1, 5, 0, 2, 3, 0, 6, 4, 0",35.801,6,8,5
599,"0, 5, 2, 0, 3, 4, 0, 4, 1, 0, 4, 1, 0, 2, 6, 0, 6, 1, 0, 2, 6, 0, 1, 5, 0, 1, 6, 0, 4, 5, 0, 3, 3, 0, 2, 3, 0, 5, 1, 0",35.925,6,8,5
600,"0, 3, 1, 0, 5, 2, 0, 4, 3, 0, 6, 1, 0, 2, 1, 0, 6, 2, 0, 4, 1, 0, 3, 1, 0, 3, 5, 0, 6, 1, 0, 6, 5, 0, 4, 5, 0, 4, 2, 0",36.022,6,8,5
