bundle,模块,常量,文件名,形状,长度,列数,有CSV
$5784_f_HistoryBoardOfferBlockTrait,$5784_f_HistoryBoardOfferBlockTrait,noUseStringsList,$5784_f_HistoryBoardOfferBlockTrait.noUseStringsList,数组,10,,
AchievementPushMixTrait,AchievementPushMixTrait,_savePushData,AchievementPushMixTrait._savePushData,字典,4,,
AdSubScribePopModelTrait,ScriptsAdSubscribePopModelConfig,AdSubScribePopPrefabConfig,ScriptsAdSubscribePopModelConfig.AdSubScribePopPrefabConfig,对象字典,4,5,是
BrandVisionDesignTrait,BrandVisionDesignTraitAudioConfig,BrandVisionDesignTraitAudioConfig,BrandVisionDesignTraitAudioConfig.BrandVisionDesignTraitAudioConfig,对象字典,6,5,是
ChapterSeasonSkinTrait,ChapterSeasonSkinTrait,ENDLESS_SEQUENCE_SKIN_IDS,ChapterSeasonSkinTrait.ENDLESS_SEQUENCE_SKIN_IDS,数组,39,,
ClassGuideConfigEnhanceTrait,ClassGuideConfigEnhanceValidate,DefaultSteps,ClassGuideConfigEnhanceValidate.DefaultSteps,对象数组,3,9,是
ClassLowClearScreenHelpTrait,ClassLowClearScreenHelpInfo,_strategyData,ClassLowClearScreenHelpInfo._strategyData,字典,7,,
ClassLowClearScreenHelpTrait,ClassLowClearScreenHelpInfo,_strategyData,ClassLowClearScreenHelpInfo._strategyData__2,字典,7,,
CleanComboChangeColorTrait,CleanComboChangeColorTrait,_skinCanChangeIdArr,CleanComboChangeColorTrait._skinCanChangeIdArr,数组,27,,
ClearScreenSkinTransitionTrait,ClearScreenSkinTransitionTrait,CONTAINERS_TO_CLONE,ClearScreenSkinTransitionTrait.CONTAINERS_TO_CLONE,对象数组,3,1,是
CommonGameListTrait,CommonGameListConsts,DEFAULT_GAME_CONFIG,CommonGameListConsts.DEFAULT_GAME_CONFIG,对象字典,12,3,是
CommonGameListTrait,CommonGameListConsts,DEFAULT_SAND_BUNDLE_VERSION_DEBUG,CommonGameListConsts.DEFAULT_SAND_BUNDLE_VERSION_DEBUG,字典,7,,
CommonGameListTrait,CommonGameListConsts,DEFAULT_SAND_BUNDLE_VERSION_RELEASE,CommonGameListConsts.DEFAULT_SAND_BUNDLE_VERSION_RELEASE,字典,7,,
DeleteContinuePercentLowSkinsTrait,IDeleteContinuePercentLowSkins,DeleteSkinIds,IDeleteContinuePercentLowSkins.DeleteSkinIds,数组,10,,
DualColorSkinSelectorTrait,DualColorSkinSelectorTrait,_guideDefaultFaceBlocks,DualColorSkinSelectorTrait._guideDefaultFaceBlocks,数组,8,,
FirstEightGamesFixedBoardTrait,FirstEightGamesConfig,FirstEightGamesConfig,FirstEightGamesConfig.FirstEightGamesConfig,对象数组,8,4,是
GameWinShowTarotWordTrait,GameWinShowTarotWordTrait,tarotWordList,GameWinShowTarotWordTrait.tarotWordList,数组,22,,
IsOpenChangeSkinByColorPoolTrait,IsOpenChangeSkinByColorPoolTrait,COLOR_POOL,IsOpenChangeSkinByColorPoolTrait.COLOR_POOL,对象数组,6,2,是
IsOpenClassMusicBlockTrait,MusicBlockConfig,MusicBlockConfig,MusicBlockConfig.MusicBlockConfig,对象字典,22,5,是
IsOpenClassNewUserDefaultBoardTrait,IsOpenClassNewUserDefaultBoardTrait,BOARD_LIST,IsOpenClassNewUserDefaultBoardTrait.BOARD_LIST,数组,187,,
IsOpenEstablishCollectTargetsTrait,IsOpenEstablishCollectTargetsTrait,COLLECT_TARGETS,IsOpenEstablishCollectTargetsTrait.COLLECT_TARGETS,对象数组,7,2,是
IsOpenFirstDayReplayGuideBoardTrait,IsOpenFirstDayReplayGuideBoardTrait,INIT_BOARD,IsOpenFirstDayReplayGuideBoardTrait.INIT_BOARD,数组,8,,
JAEJ_11555_lowEndDevice_initialBoardTrait,JAEJ_11555_lowEndDevice_initialBoardTrait,specifyBoardId,JAEJ_11555_lowEndDevice_initialBoardTrait.specifyBoardId,数组,223,,
LikeEffectOptimizationTrait,LikeEffectOptimizationTrait,colorName,LikeEffectOptimizationTrait.colorName,数组,9,,
NewUserBoardDiffTrait,NewUserBoardDiffAnimConfig,NEW_USER_BOARD_DIFF_INIT_BOARD_ANIM_CONFIG,NewUserBoardDiffAnimConfig.NEW_USER_BOARD_DIFF_INIT_BOARD_ANIM_CONFIG,字典,4,,
NewUserBoardDiffTrait,NewUserBoardDiffConfig,NewUserBoardDiffConfig,NewUserBoardDiffConfig.NewUserBoardDiffConfig,对象数组,164,7,是
NewUserBoardDiffTrait,NewUserBoardDiffWeightsConfig,BOARD_WEIGHTS,NewUserBoardDiffWeightsConfig.BOARD_WEIGHTS,数组,2000,,
NewUserEarlyRoundsBoardTrait,NewUserEarlyRoundsBoardAnimConfig,NEW_USER_EARLY_ROUNDS_INIT_BOARD_ANIM_CONFIG,NewUserEarlyRoundsBoardAnimConfig.NEW_USER_EARLY_ROUNDS_INIT_BOARD_ANIM_CONFIG,字典,4,,
NewUserEarlyRoundsBoardTrait,NewUserEarlyRoundsBoardConfig,NewUserEarlyRoundsBoardConfig,NewUserEarlyRoundsBoardConfig.NewUserEarlyRoundsBoardConfig,对象数组,14,7,是
OpenChangeContinueHardExTrait,BehaviorDrivenAdjustmentStrategy,persistentData,BehaviorDrivenAdjustmentStrategy.persistentData,字典,4,,
OptimalFillClearTrait,OptimalFillClearTrait,FILL_CHAIN_TYPES,OptimalFillClearTrait.FILL_CHAIN_TYPES,数组,8,,
PreEliminateGemBreathTrait,PreEliminateGemBreathTrait,GEM_ANIMATION_MAP,PreEliminateGemBreathTrait.GEM_ANIMATION_MAP,字典,6,,
PuzzleTimefFastTrait,PuzzleTimefFastTrait,_traitData,PuzzleTimefFastTrait._traitData,字典,4,,
ShapeColorProposal1Trait,ShapeColorProposal1Trait,blockShapeMap,ShapeColorProposal1Trait.blockShapeMap,字典,7,,
ShapeColorProposal2Trait,ShapeColorProposal2Trait,blockShapeMap,ShapeColorProposal2Trait.blockShapeMap,字典,7,,
ShowEffectWhenInitEmptyBoardTrait,IShowEffectWhenInitEmptyBoard,Skin_Color_Map,IShowEffectWhenInitEmptyBoard.Skin_Color_Map,字典,40,,
ShowSSSWhenSkinChangeTrait,ShowSSSWhenSkinChangeTrait,ColorMatrix,ShowSSSWhenSkinChangeTrait.ColorMatrix,数组,8,,
SkinColorRelatedToClearScreenBlockTrait,SkinColorRelatedToClearScreenBlockTraitConst,SkinBlockColorSchemeMap,SkinColorRelatedToClearScreenBlockTraitConst.SkinBlockColorSchemeMap,对象字典,24,8,是
SkinColorRelatedToClearScreenBlockTrait,SkinColorRelatedToClearScreenBlockTraitConst,SkinIdColorSchemeList,SkinColorRelatedToClearScreenBlockTraitConst.SkinIdColorSchemeList,字典,14,,
SkinUGCTrait,SkinUGCInfo,colorList,SkinUGCInfo.colorList,对象数组,3,2,是
SolveDiffProblemEncourageTrait,SolveDiffProblemEncourageTrait,DIFFTYPE,SolveDiffProblemEncourageTrait.DIFFTYPE,数组,18,,
ThanksAfterAdTrait,ThanksAfterAdTraitConst,ANIM_PREFABS,ThanksAfterAdTraitConst.ANIM_PREFABS,对象数组,2,3,是
chapter,ChapterAudioConfig,ChapterAudioConfig,ChapterAudioConfig.ChapterAudioConfig,对象字典,12,4,是
chapter,ChapterDataStatisticsInfo,dataStatisticsObj,ChapterDataStatisticsInfo.dataStatisticsObj,字典,13,,
chapter,ChapterDragonBonesConfig,ChapterDragonBonesConfig,ChapterDragonBonesConfig.ChapterDragonBonesConfig,对象字典,4,5,是
chapter,ChapterGameInfo,_moduleLayer,ChapterGameInfo._moduleLayer,数组,9,,
chapter,ChapterListConfig,ChapterListConfig,ChapterListConfig.ChapterListConfig,字典,6,,
chapter,ChapterListConfig,chapterItemBlockColorResMap,ChapterListConfig.chapterItemBlockColorResMap,字典,8,,
chapter,ChapterPrefabConfig,ChapterPrefabConfig,ChapterPrefabConfig.ChapterPrefabConfig,对象字典,35,7,是
chapter,ChapterSpriteFrameConfig,ChapterSpriteFrameConfig,ChapterSpriteFrameConfig.ChapterSpriteFrameConfig,对象字典,6,3,是
chapter,GameplayAniAllChangeCtrlTraitNPM,poolConfig,GameplayAniAllChangeCtrlTraitNPM.poolConfig,对象字典,4,3,是
chapter,HardLevelRedUI,jiliTxt,HardLevelRedUI.jiliTxt,字典,19,,
chapter,RoundConfig,roundConfig,RoundConfig.roundConfig,对象数组,96,2,是
chapter,SkinThreeChapterDefaultResConfig,SkinThreeChapterDefaultRes,SkinThreeChapterDefaultResConfig.SkinThreeChapterDefaultRes,对象字典,40,3,是
chapter,TryTimeConfig,tryTimeConfig,TryTimeConfig.tryTimeConfig,对象数组,1,2,是
chapter,TryTimeConfig5,tryTimeConfig5,TryTimeConfig5.tryTimeConfig5,对象数组,1,2,是
class,ClassAlgorithmStrategyConfig,weightRatioArr,ClassAlgorithmStrategyConfig.weightRatioArr,数组,6,,
class,ClassAudioConfig,ClassAudioConfig,ClassAudioConfig.ClassAudioConfig,对象字典,4,5,是
class,ClassDataStatisticsInfo,_dataStatisticsObj,ClassDataStatisticsInfo._dataStatisticsObj,字典,13,,
class,ClassDragonBonesConfig,ClassDragonBonesConfig,ClassDragonBonesConfig.ClassDragonBonesConfig,对象字典,5,4,是
class,ClassGuideInfo,steps,ClassGuideInfo.steps,对象数组,3,9,是
class,ClassPrefabConfig,ClassPrefabConfig,ClassPrefabConfig.ClassPrefabConfig,对象字典,17,9,是
class,ClassUserBehaviorConfig,useBehaviorAlgorithm,ClassUserBehaviorConfig.useBehaviorAlgorithm,数组,10,,
class,ClearInterestingShowTrait,BoardSplashAnimationConfigList,ClearInterestingShowTrait.BoardSplashAnimationConfigList,数组,10,,
class,DefaultInfo2Config,defaultInfo2Config,DefaultInfo2Config.defaultInfo2Config,字典,6,,
class,DefaultInfoArrConfig,defaultInfoArrConfig,DefaultInfoArrConfig.defaultInfoArrConfig,数组,60,,
class,DefaultReduce300,defaultReduce300,DefaultReduce300.defaultReduce300,数组,400,,
class,InterestCurveOfferTrait,_params,InterestCurveOfferTrait._params,字典,11,,
class,InterestCurveOfferTrait,_tempData,InterestCurveOfferTrait._tempData,字典,14,,
class,IsComboEffNewTrait,animColorConfig,IsComboEffNewTrait.animColorConfig,数组,8,,
class,UCBInitBoardConfig,UCBInitBoardList,UCBInitBoardConfig.UCBInitBoardList,数组,803,,
gl_fruit,FruitFullScreenAccCtrl,_fullScreenAccData,FruitFullScreenAccCtrl._fullScreenAccData,字典,6,,
gl_fruit,GLFruit,State,GLFruit.State,字典,5,,
gl_fruit,GLFruitGameStateCtr,State,GLFruitGameStateCtr.State,字典,7,,
gl_fruit,GLFruitLangCfg,PopupCfg,GLFruitLangCfg.PopupCfg,对象字典,4,9,是
gl_fruit,GLFruitMergerCtr,Event,GLFruitMergerCtr.Event,字典,4,,
gl_hall,GLConst,GAME_BEHAVIOR_SCORES,GLConst.GAME_BEHAVIOR_SCORES,对象数组,10,4,是
gl_hall,GLConst,GAME_PRODUCT_SCORE,GLConst.GAME_PRODUCT_SCORE,字典,14,,
gl_hall,GLConst,gameMainPrefabName,GLConst.gameMainPrefabName,字典,14,,
gl_hall,GLGame,game_subtype,GLGame.game_subtype,字典,8,,
gl_hall,GLGameItem,_configColor,GLGameItem._configColor,对象字典,8,2,是
gl_hall,GLHallController,_data,GLHallController._data,对象字典,4,1,是
gl_hall,GLHallScene,game_subtype,GLHallScene.game_subtype,字典,8,,
gl_hall,GLLangFontDefine,GLLangFontDefine,GLLangFontDefine.GLLangFontDefine,字典,7,,
gl_hall,GL_ExtractFeature,blockFillConfig,GL_ExtractFeature.blockFillConfig,数组,54,,
gl_hall,GL_ExtractFeature,blockFillConfig1,GL_ExtractFeature.blockFillConfig1,数组,23,,
gl_hall,GL_ExtractFeature,blockFillConfig1DiffultyIntervals,GL_ExtractFeature.blockFillConfig1DiffultyIntervals,数组,46,,
gl_hall,GL_ExtractFeature,blockFillConfigDiffultyIntervals,GL_ExtractFeature.blockFillConfigDiffultyIntervals,数组,108,,
gl_hall,GL_ExtractFeature,onetDiffultyIntervals,GL_ExtractFeature.onetDiffultyIntervals,数组,14,,
gl_hall,GL_LANG_EN_US,GL_LANG_EN_US,GL_LANG_EN_US.GL_LANG_EN_US,字典,169,,
gl_mahjong,GLMahjongCardTileMergerCtr,Event,GLMahjongCardTileMergerCtr.Event,字典,6,,
gl_mahjong,GLMahjongGameStateCtr,State,GLMahjongGameStateCtr.State,字典,8,,
gl_mahjong,GLMahjongLangCfg,PopupCfg,GLMahjongLangCfg.PopupCfg,对象字典,5,10,是
gl_mahjong,GLMahjongLevelCtr,LevelDataSafe,GLMahjongLevelCtr.LevelDataSafe,对象数组,5,4,是
gl_oneline,BFFixedLevelConfig,fixLevelConfigs,BFFixedLevelConfig.fixLevelConfigs,对象字典,5,3,是
gl_oneline,BFTestLevelConfig,TestLevelConfig,BFTestLevelConfig.TestLevelConfig,对象数组,9,8,是
gl_oneline,GLBFLineView,bfLineArgument,GLBFLineView.bfLineArgument,字典,6,,
gl_oneline,GLOneLineHintBtnTip,_data,GLOneLineHintBtnTip._data,字典,4,,
gl_oneline,GLOneLineRainbowEffectOnFinish,_colorStrList,GLOneLineRainbowEffectOnFinish._colorStrList,数组,8,,
gl_oneline,GLOneLineRandomGridCellColor,colorPool,GLOneLineRandomGridCellColor.colorPool,数组,21,,
gl_oneline,HsBlockFillRandomErrorBlockColor,_colorList,HsBlockFillRandomErrorBlockColor._colorList,数组,9,,
gl_onet,Config_tbadaptation,Config_tbadaptation,Config_tbadaptation.Config_tbadaptation,对象数组,24,7,是
gl_onet,Config_tbcombo,Config_tbcombo,Config_tbcombo.Config_tbcombo,对象数组,14,3,是
gl_onet,Config_tblevelspecification,Config_tblevelspecification,Config_tblevelspecification.Config_tblevelspecification,对象数组,11,3,是
gl_onet,Config_tbteach,Config_tbteach,Config_tbteach.Config_tbteach,对象数组,1,6,是
gl_onet,Config_tbteachNewPlan3,Config_tbteachNewPlan3,Config_tbteachNewPlan3.Config_tbteachNewPlan3,对象数组,1,6,是
gl_onet,Config_tbtheme,Config_tbtheme,Config_tbtheme.Config_tbtheme,对象数组,4,3,是
gl_onet,Config_tbthemestrategy,Config_tbthemestrategy,Config_tbthemestrategy.Config_tbthemestrategy,对象数组,1,4,是
gl_onet,Marker,gameInfo,Marker.gameInfo,字典,19,,
gl_onet,RadiateEntry,startAniSet,RadiateEntry.startAniSet,字典,5,,
gl_sudoku,LS_EnterQuestionLib,_config6GONGList,LS_EnterQuestionLib._config6GONGList,数组,1,,
gl_sudoku,LS_EnterQuestionLib,_config9GONGList,LS_EnterQuestionLib._config9GONGList,数组,1,,
gl_sudoku,LS_SudokuScoreModel,TimeConfig,LS_SudokuScoreModel.TimeConfig,对象字典,5,3,是
gl_sudoku,NewPlayerGuideConfig6x6,answer,NewPlayerGuideConfig6x6.answer,数组,36,,
gl_sudoku,NewPlayerGuideConfig6x6,question,NewPlayerGuideConfig6x6.question,数组,36,,
gl_tictactoe,GLTictactoeGuideManager,StepConfig,GLTictactoeGuideManager.StepConfig,数组,3,,
gl_tictactoe,GLTictactoeGuideManager,StepConfig,GLTictactoeGuideManager.StepConfig__2,数组,4,,
gl_tictactoe,GLTictactoeGuideManager,StepConfig,GLTictactoeGuideManager.StepConfig__3,数组,4,,
gl_watersort,GLWaterColor,GLWaterColor,GLWaterColor.GLWaterColor,对象数组,14,3,是
gl_watersort,GLWaterColor,GLWaterNewColor,GLWaterColor.GLWaterNewColor,对象数组,14,3,是
gl_watersort,GLWaterDianzanEffectTraitCtrl,COLOR_NAMES,GLWaterDianzanEffectTraitCtrl.COLOR_NAMES,字典,14,,
gl_watersort,GLWaterLayout,GLTubesPos,GLWaterLayout.GLTubesPos,字典,7,,
gl_watersort,GLWaterLayout,GlTubesLayout,GLWaterLayout.GlTubesLayout,字典,21,,
hsgame,HSLogCollector,_config,HSLogCollector._config,字典,7,,
hsgame,HSMiniResDefines,BLK_FILE_DATA_LIST,HSMiniResDefines.BLK_FILE_DATA_LIST,对象数组,77,4,是
hsgame,HSMiniResDefines,MiniCommonResName,HSMiniResDefines.MiniCommonResName,字典,6,,
hsgame,HSMiniResDefines,MiniMainResName,HSMiniResDefines.MiniMainResName,字典,9,,
hsgame,HSMiniResDefines,MiniOverResName,HSMiniResDefines.MiniOverResName,字典,11,,
hsgame,HSMiniResDefines,MiniReviveResName,HSMiniResDefines.MiniReviveResName,字典,7,,
hsgame,HSMiniResDefines,MiniSettingResName,HSMiniResDefines.MiniSettingResName,字典,14,,
hsgame,HSUIManager,PURE_NAME,HSUIManager.PURE_NAME,字典,20,,
jewel,JewelAudioConfig,JewelAudioConfig,JewelAudioConfig.JewelAudioConfig,对象字典,7,5,是
jewel,JewelBoardTouch,_touchInfo,JewelBoardTouch._touchInfo,字典,6,,
jewel,JewelPrefabConfig,JewelPrefabConfig,JewelPrefabConfig.JewelPrefabConfig,对象字典,7,5,是
main,AccountConfig,AccountPrefabConfig,AccountConfig.AccountPrefabConfig,对象字典,5,3,是
main,AchievementInfo,statisticsData,AchievementInfo.statisticsData,对象数组,4,3,是
main,AchievementType,PushCaseConfig,AchievementType.PushCaseConfig,对象字典,14,5,是
main,AdventureOverdueConfig,AdventureOverdueConfig,AdventureOverdueConfig.AdventureOverdueConfig,字典,6,,
main,AdvertisementConfig,ADLOCK_TYPE,AdvertisementConfig.ADLOCK_TYPE,字典,26,,
main,AdvertisementConfig,AD_TYPE,AdvertisementConfig.AD_TYPE,字典,27,,
main,AdvertisementConfig,MESSAGE_ID,AdvertisementConfig.MESSAGE_ID,字典,13,,
main,AdxModelConfig,ecpmConfMapGp,AdxModelConfig.ecpmConfMapGp,对象字典,4,3,是
main,AlgorithmBlockConfig,BLOCKS_NUM_ARR,AlgorithmBlockConfig.BLOCKS_NUM_ARR,数组,9,,
main,AlgorithmIosToOfferTypeInfo,OFFER_TYPE_Old_IOS_Name,AlgorithmIosToOfferTypeInfo.OFFER_TYPE_Old_IOS_Name,字典,6,,
main,AudioConfig,AudioConfig,AudioConfig.AudioConfig,对象字典,104,8,是
main,BinaryConfig,BlockShapeMap,BinaryConfig.BlockShapeMap,对象字典,42,4,是
main,BlockConfig,originalBlockColor,BlockConfig.originalBlockColor,字典,13,,
main,BlocksProducerConfig,blockPosInfo,BlocksProducerConfig.blockPosInfo,数组,52,,
main,BoardRendererLayoutRouter,boardRendererLayoutOptimize,BoardRendererLayoutRouter.boardRendererLayoutOptimize,字典,7,,
main,BoardSplashAnimationConfig,boardSplashAnimationColorConfig,BoardSplashAnimationConfig.boardSplashAnimationColorConfig,数组,8,,
main,BucketInfo,_bucketConfig,BucketInfo._bucketConfig,对象字典,5,12,是
main,CommentSkin,BtnState,CommentSkin.BtnState,字典,5,,
main,CommentSkin_proxy,resultPanelNameArr,CommentSkin_proxy.resultPanelNameArr,数组,10,,
main,DataCompatibilityIosBasicConfig,DataCompatibilityBasicConfig,DataCompatibilityIosBasicConfig.DataCompatibilityBasicConfig,字典,15,,
main,DataCompatibilityIosChapterConfig,DataCompatibilityChapterConfig,DataCompatibilityIosChapterConfig.DataCompatibilityChapterConfig,字典,17,,
main,DataCompatibilityIosClassConfig,DataCompatibilityClassConfig,DataCompatibilityIosClassConfig.DataCompatibilityClassConfig,字典,24,,
main,DataCompatibilityIosClassConfig,DataCompatibilityClassCustomConfig,DataCompatibilityIosClassConfig.DataCompatibilityClassCustomConfig,数组,13,,
main,DataCompatibilityIosInfo,MODULES,DataCompatibilityIosInfo.MODULES,对象字典,5,4,是
main,DataCompatibilityIosJewelConfig,DataCompatibilityJewelConfig,DataCompatibilityIosJewelConfig.DataCompatibilityJewelConfig,字典,6,,
main,DataCompatibilityIosTraitConfig,DataCompatibilityTraitConfig,DataCompatibilityIosTraitConfig.DataCompatibilityTraitConfig,字典,39,,
main,DataCompatibilityMainAlgorithmConfig,DataCompatibilityMainAlgorithmConfig,DataCompatibilityMainAlgorithmConfig.DataCompatibilityMainAlgorithmConfig,字典,4,,
main,DataCompatibilityMainBaseConfig,DataCompatibilityMainBaseConfig,DataCompatibilityMainBaseConfig.DataCompatibilityMainBaseConfig,字典,5,,
main,DataCompatibilityMainChapterConfig,DataCompatibilityMainChapterConfig,DataCompatibilityMainChapterConfig.DataCompatibilityMainChapterConfig,字典,10,,
main,DataCompatibilityMainClassConfig,DataCompatibilityMainClassConfig,DataCompatibilityMainClassConfig.DataCompatibilityMainClassConfig,字典,8,,
main,DataCompatibilityMainConfig,DataCompatibilityCustomizeConfig,DataCompatibilityMainConfig.DataCompatibilityCustomizeConfig,数组,22,,
main,DataCompatibilityMainIosConfig,DataCompatibilityMainIosAutoConfig,DataCompatibilityMainIosConfig.DataCompatibilityMainIosAutoConfig,字典,24,,
main,DataCompatibilityMainIosConfig,DataCompatibilityMainIosCustomizeConfig,DataCompatibilityMainIosConfig.DataCompatibilityMainIosCustomizeConfig,数组,13,,
main,DataCompatibilityMainJewelConfig,DataCompatibilityMainJewelConfig,DataCompatibilityMainJewelConfig.DataCompatibilityMainJewelConfig,字典,6,,
main,DataCompatibilityNewChapterConfig,ChapterDataCompatibilityConfig,DataCompatibilityNewChapterConfig.ChapterDataCompatibilityConfig,字典,25,,
main,DataCompatibilityNewChapterConfig,CustomChapterDataCompatibilityConfig,DataCompatibilityNewChapterConfig.CustomChapterDataCompatibilityConfig,数组,10,,
main,DataCompatibilityNewClassConfig,ClassDataCompatibilityConfig,DataCompatibilityNewClassConfig.ClassDataCompatibilityConfig,字典,38,,
main,DataCompatibilityNewClassConfig,CustomClassDataCompatibilityConfig,DataCompatibilityNewClassConfig.CustomClassDataCompatibilityConfig,数组,15,,
main,DataCompatibilityNewInfo,STORAGE_KEYS,DataCompatibilityNewInfo.STORAGE_KEYS,字典,6,,
main,DataCompatibilityNewJewelConfig,DataCompatibilityNewJewelConfig,DataCompatibilityNewJewelConfig.DataCompatibilityNewJewelConfig,字典,6,,
main,DataCompatibilityNewMainConfig,CustomDataCompatibilityConfig,DataCompatibilityNewMainConfig.CustomDataCompatibilityConfig,数组,8,,
main,DataCompatibilityNewMainConfig,DataCompatibilityNewMainConfig,DataCompatibilityNewMainConfig.DataCompatibilityNewMainConfig,字典,39,,
main,DataCompatibilityNewTraitConfig,TraitDataCompatibilityConfig,DataCompatibilityNewTraitConfig.TraitDataCompatibilityConfig,字典,67,,
main,DeviceScoreInfo,RESOLUTION_LEVELS,DeviceScoreInfo.RESOLUTION_LEVELS,对象数组,5,3,是
main,DialogGameInfo,GameOverUIs,DialogGameInfo.GameOverUIs,对象数组,10,3,是
main,DialogGameInfo,ReviveUIs,DialogGameInfo.ReviveUIs,对象数组,1,3,是
main,DialogGameInfo,setupUIs,DialogGameInfo.setupUIs,对象数组,1,3,是
main,DragonBonesConfig,DragonBonesConfig,DragonBonesConfig.DragonBonesConfig,对象字典,6,5,是
main,EcpmIsOpenEcpmGpConfig,IsOpenEcpmGpConfig,EcpmIsOpenEcpmGpConfig.IsOpenEcpmGpConfig,字典,10,,
main,GameLobby_hallMoreGameConfig,GameLobby_HallMoreGameConfigs,GameLobby_hallMoreGameConfig.GameLobby_HallMoreGameConfigs,对象数组,8,5,是
main,GameLobby_hallMoreGameConfig,GameLobby_HallMoreGameConfigs2,GameLobby_hallMoreGameConfig.GameLobby_HallMoreGameConfigs2,对象数组,8,5,是
main,GameLobby_hallMoreGameConfig,GameLobby_HallMoreGameSubtype,GameLobby_hallMoreGameConfig.GameLobby_HallMoreGameSubtype,字典,8,,
main,GameLobby_hallMoreGameConfig,SHAKE_LEVEL_CONFIG,GameLobby_hallMoreGameConfig.SHAKE_LEVEL_CONFIG,对象数组,5,3,是
main,GameLobby_hallMoreGameConfig,miniGameBunleList,GameLobby_hallMoreGameConfig.miniGameBunleList,数组,8,,
main,GameLobby_miniGameStorageInfo,miniGameStorageKey,GameLobby_miniGameStorageInfo.miniGameStorageKey,字典,6,,
main,HomePageMiniGameInfo,dcMiniGameIconType,HomePageMiniGameInfo.dcMiniGameIconType,字典,8,,
main,IpaPreRemoveAdPaymentFailed,mapSelfCode,IpaPreRemoveAdPaymentFailed.mapSelfCode,字典,4,,
main,IpaPrefabConfig,IpaPrefabConfig,IpaPrefabConfig.IpaPrefabConfig,对象字典,18,3,是
main,MLRetention_Proxy,_fullScreenAdContext,MLRetention_Proxy._fullScreenAdContext,字典,8,,
main,MultiLangConfig,LangBundleName,MultiLangConfig.LangBundleName,字典,12,,
main,NativeAdxModel,TP_CLIENT_ADX,NativeAdxModel.TP_CLIENT_ADX,字典,8,,
main,NewRatioV1Config,NewRatioV1Config,NewRatioV1Config.NewRatioV1Config,对象数组,714,4,是
main,PrefabConfig,PrefabConfig,PrefabConfig.PrefabConfig,对象字典,103,9,是
main,RatioConfig,ratioConfig,RatioConfig.ratioConfig,对象数组,527,4,是
main,RightPutHint,colorName,RightPutHint.colorName,数组,9,,
main,SetupActivityConfig,SHARE_ICON_CONFIG,SetupActivityConfig.SHARE_ICON_CONFIG,对象数组,11,2,是
main,SkinConfig,skinValidIds,SkinConfig.skinValidIds,数组,40,,
main,SkinLoadInfo,_skinResList,SkinLoadInfo._skinResList,对象字典,32,4,是
main,SkinThemeConfig_5005,SkinThemeConfig_5005,SkinThemeConfig_5005.SkinThemeConfig_5005,对象字典,33,8,是
main,SkinThemeConfig_5006,SkinThemeConfig_5006,SkinThemeConfig_5006.SkinThemeConfig_5006,对象字典,43,8,是
main,SkinThree24ColorsDownloader,skinThree14MatSkinIds,SkinThree24ColorsDownloader.skinThree14MatSkinIds,数组,14,,
main,SkinThree24ColorsDownloader,skinThree18MatSkinIds,SkinThree24ColorsDownloader.skinThree18MatSkinIds,数组,17,,
main,SkinThree24ColorsDownloader,skinThree26MatSkinIds,SkinThree24ColorsDownloader.skinThree26MatSkinIds,数组,26,,
main,SkinThree26MatsSequenceConfig,SKIN_THREE_PATHS_WITH_24_COLORS,SkinThree26MatsSequenceConfig.SKIN_THREE_PATHS_WITH_24_COLORS,数组,8,,
main,SkinThreeConfig_2004,SkinThreeConfig_2004,SkinThreeConfig_2004.SkinThreeConfig_2004,对象字典,19,5,是
main,SkinThreeConfig_2005,SkinThreeConfig_2005,SkinThreeConfig_2005.SkinThreeConfig_2005,对象字典,17,5,是
main,SkinThreeConfig_2006,SkinThreeConfig_2006,SkinThreeConfig_2006.SkinThreeConfig_2006,对象字典,15,5,是
main,SkinThreeConfig_2011,SkinThreeConfig_2011,SkinThreeConfig_2011.SkinThreeConfig_2011,对象字典,43,5,是
main,SkinThreeConfig_2012,SkinThreeConfig_2012,SkinThreeConfig_2012.SkinThreeConfig_2012,对象字典,22,5,是
main,SkinThreeConfig_2014,SkinThreeConfig_2014,SkinThreeConfig_2014.SkinThreeConfig_2014,对象字典,28,5,是
main,SkinThreeConfig_2015,SkinThreeConfig_2015,SkinThreeConfig_2015.SkinThreeConfig_2015,对象字典,37,5,是
main,SkinThreeConfig_2017,SkinThreeConfig_2017,SkinThreeConfig_2017.SkinThreeConfig_2017,对象字典,23,4,是
main,SkinThreeConfig_2018,SkinThreeConfig_2018,SkinThreeConfig_2018.SkinThreeConfig_2018,对象字典,23,5,是
main,SkinThreeConfig_2019,SkinThreeConfig_2019,SkinThreeConfig_2019.SkinThreeConfig_2019,对象字典,18,5,是
main,SkinThreeConfig_2021,SkinThreeConfig_2021,SkinThreeConfig_2021.SkinThreeConfig_2021,对象字典,27,4,是
main,SkinThreeConfig_2030,SkinThreeConfig_2030,SkinThreeConfig_2030.SkinThreeConfig_2030,对象字典,19,5,是
main,SkinThreeConfig_2033,SkinThreeConfig_2033,SkinThreeConfig_2033.SkinThreeConfig_2033,对象字典,22,5,是
main,SkinThreeConfig_2035,SkinThreeConfig_2035,SkinThreeConfig_2035.SkinThreeConfig_2035,对象字典,25,5,是
main,SkinThreeConfig_3011,SkinThreeConfig_3011,SkinThreeConfig_3011.SkinThreeConfig_3011,对象字典,55,5,是
main,SkinThreeConfig_3012,SkinThreeConfig_3012,SkinThreeConfig_3012.SkinThreeConfig_3012,对象字典,33,5,是
main,SkinThreeConfig_3017,SkinThreeConfig_3017,SkinThreeConfig_3017.SkinThreeConfig_3017,对象字典,26,5,是
main,SkinThreeConfig_3032,SkinThreeConfig_3032,SkinThreeConfig_3032.SkinThreeConfig_3032,对象字典,55,5,是
main,SkinThreeConfig_4001,SkinThreeConfig_4001,SkinThreeConfig_4001.SkinThreeConfig_4001,对象字典,30,5,是
main,SkinThreeConfig_4003,SkinThreeConfig_4003,SkinThreeConfig_4003.SkinThreeConfig_4003,对象字典,30,5,是
main,SkinThreeConfig_4004,SkinThreeConfig_4004,SkinThreeConfig_4004.SkinThreeConfig_4004,对象字典,29,5,是
main,SkinThreeConfig_4005,SkinThreeConfig_4005,SkinThreeConfig_4005.SkinThreeConfig_4005,对象字典,31,5,是
main,SkinThreeConfig_4007,SkinThreeConfig_4007,SkinThreeConfig_4007.SkinThreeConfig_4007,对象字典,29,5,是
main,SkinThreeConfig_4008,SkinThreeConfig_4008,SkinThreeConfig_4008.SkinThreeConfig_4008,对象字典,35,5,是
main,SkinThreeConfig_4009,SkinThreeConfig_4009,SkinThreeConfig_4009.SkinThreeConfig_4009,对象字典,24,5,是
main,SkinThreeConfig_4010,SkinThreeConfig_4010,SkinThreeConfig_4010.SkinThreeConfig_4010,对象字典,30,5,是
main,SkinThreeConfig_4012,SkinThreeConfig_4012,SkinThreeConfig_4012.SkinThreeConfig_4012,对象字典,28,5,是
main,SkinThreeConfig_4013,SkinThreeConfig_4013,SkinThreeConfig_4013.SkinThreeConfig_4013,对象字典,31,5,是
main,SkinThreeConfig_4019,SkinThreeConfig_4019,SkinThreeConfig_4019.SkinThreeConfig_4019,对象字典,39,5,是
main,SkinThreeConfig_4020,SkinThreeConfig_4020,SkinThreeConfig_4020.SkinThreeConfig_4020,对象字典,36,5,是
main,SkinThreeConfig_4021,SkinThreeConfig_4021,SkinThreeConfig_4021.SkinThreeConfig_4021,对象字典,38,5,是
main,SkinThreeConfig_4026,SkinThreeConfig_4026,SkinThreeConfig_4026.SkinThreeConfig_4026,对象字典,37,5,是
main,SkinThreeConfig_4027,SkinThreeConfig_4027,SkinThreeConfig_4027.SkinThreeConfig_4027,对象字典,39,5,是
main,SkinThreeConfig_4028,SkinThreeConfig_4028,SkinThreeConfig_4028.SkinThreeConfig_4028,对象字典,30,5,是
main,SkinThreeConfig_4033,SkinThreeConfig_4033,SkinThreeConfig_4033.SkinThreeConfig_4033,对象字典,29,5,是
main,SkinThreeConfig_4036,SkinThreeConfig_4036,SkinThreeConfig_4036.SkinThreeConfig_4036,对象字典,40,5,是
main,SkinThreeConfig_4037,SkinThreeConfig_4037,SkinThreeConfig_4037.SkinThreeConfig_4037,对象字典,38,5,是
main,SkinThreeConfig_4039,SkinThreeConfig_4039,SkinThreeConfig_4039.SkinThreeConfig_4039,对象字典,38,5,是
main,SkinThreeConfig_4041,SkinThreeConfig_4041,SkinThreeConfig_4041.SkinThreeConfig_4041,对象字典,43,5,是
main,SkinThreeConfig_4042,SkinThreeConfig_4042,SkinThreeConfig_4042.SkinThreeConfig_4042,对象字典,30,5,是
main,SkinThreeConfig_4045,SkinThreeConfig_4045,SkinThreeConfig_4045.SkinThreeConfig_4045,对象字典,28,5,是
main,SkinThreeConfig_4048,SkinThreeConfig_4048,SkinThreeConfig_4048.SkinThreeConfig_4048,对象字典,38,5,是
main,SkinThreeConfig_4051,SkinThreeConfig_4051,SkinThreeConfig_4051.SkinThreeConfig_4051,对象字典,24,5,是
main,SkinThreeConfig_4054,SkinThreeConfig_4054,SkinThreeConfig_4054.SkinThreeConfig_4054,对象字典,34,5,是
main,SkinThreeConfig_4055,SkinThreeConfig_4055,SkinThreeConfig_4055.SkinThreeConfig_4055,对象字典,33,5,是
main,SkinThreeConfig_4060,SkinThreeConfig_4060,SkinThreeConfig_4060.SkinThreeConfig_4060,对象字典,20,5,是
main,SkinThreeConfig_4061,SkinThreeConfig_4061,SkinThreeConfig_4061.SkinThreeConfig_4061,对象字典,30,5,是
main,SkinThreeConfig_4063,SkinThreeConfig_4063,SkinThreeConfig_4063.SkinThreeConfig_4063,对象字典,30,5,是
main,SkinThreeConfig_4066,SkinThreeConfig_4066,SkinThreeConfig_4066.SkinThreeConfig_4066,对象字典,46,5,是
main,SkinThreeConfig_4072,SkinThreeConfig_4072,SkinThreeConfig_4072.SkinThreeConfig_4072,对象字典,39,5,是
main,SkinThreeConfig_4078,SkinThreeConfig_4078,SkinThreeConfig_4078.SkinThreeConfig_4078,对象字典,32,5,是
main,SkinThreeConfig_4079,SkinThreeConfig_4079,SkinThreeConfig_4079.SkinThreeConfig_4079,对象字典,40,5,是
main,SkinThreeConfig_5005,SkinThreeConfig_5005,SkinThreeConfig_5005.SkinThreeConfig_5005,对象字典,131,7,是
main,SkinThreeConfig_5006,SkinThreeConfig_5006,SkinThreeConfig_5006.SkinThreeConfig_5006,对象字典,170,7,是
main,SkinThreeEliminateSkin4010Custom,colorMap,SkinThreeEliminateSkin4010Custom.colorMap,字典,7,,
main,SkinThreeEliminateSkin4021Custom,COLOR_ID_TO_TYPE_MAP,SkinThreeEliminateSkin4021Custom.COLOR_ID_TO_TYPE_MAP,字典,7,,
main,SkinThreeEliminateSkin4028Custom,COLOR_ANIM_MAP,SkinThreeEliminateSkin4028Custom.COLOR_ANIM_MAP,字典,7,,
main,SkinThreeEliminateSkin4072Custom,COLOR_PREFIX_MAP,SkinThreeEliminateSkin4072Custom.COLOR_PREFIX_MAP,字典,7,,
main,SkinThreeInfo,MATERIAL_SKIN_IDS,SkinThreeInfo.MATERIAL_SKIN_IDS,数组,58,,
main,SkinThreeInfo,MATERIAL_SKIN_NO_SPINE,SkinThreeInfo.MATERIAL_SKIN_NO_SPINE,数组,18,,
main,SkinThreePreEliminateSkin4010Custom,colorMap,SkinThreePreEliminateSkin4010Custom.colorMap,字典,7,,
main,SkinThreePreEliminateSkin4019Custom,COLOR_TO_ANIMATION_MAP,SkinThreePreEliminateSkin4019Custom.COLOR_TO_ANIMATION_MAP,字典,7,,
main,SkinThreePreEliminateSkin4021Custom,COLOR_ID_TO_TYPE_MAP,SkinThreePreEliminateSkin4021Custom.COLOR_ID_TO_TYPE_MAP,字典,7,,
main,SkinThreeSkin2014,_preEliminateConfig,SkinThreeSkin2014._preEliminateConfig,对象数组,2,2,是
main,SkinThreeSkin2018,_initData,SkinThreeSkin2018._initData,字典,9,,
main,SkinThreeSkin2028,_eliminateConfig,SkinThreeSkin2028._eliminateConfig,对象数组,1,2,是
main,SkinThreeSkin2032,_eliminateConfig,SkinThreeSkin2032._eliminateConfig,对象数组,2,2,是
main,SkinThreeSkin3011,_eliminateConfig,SkinThreeSkin3011._eliminateConfig,对象数组,1,2,是
main,SkinThreeSkin3011,_preEliminateConfig,SkinThreeSkin3011._preEliminateConfig,对象数组,1,2,是
main,SkinThreeSkin3017,_eliminateConfig,SkinThreeSkin3017._eliminateConfig,对象数组,1,2,是
main,SkinThreeSkin3032,_eliminateConfig,SkinThreeSkin3032._eliminateConfig,对象数组,1,2,是
main,SkinThreeSkin3032,_preEliminateConfig,SkinThreeSkin3032._preEliminateConfig,对象数组,2,2,是
main,SkinThreeSkin3033,_eliminateConfig,SkinThreeSkin3033._eliminateConfig,对象数组,1,2,是
main,SkinThreeSkin4001,_eliminateConfig,SkinThreeSkin4001._eliminateConfig,对象数组,1,2,是
main,SkinThreeSkin4001,_preEliminateConfig,SkinThreeSkin4001._preEliminateConfig,对象数组,1,2,是
main,SkinThreeSkin4003,_eliminateConfig,SkinThreeSkin4003._eliminateConfig,对象数组,1,2,是
main,SkinThreeSkin4003,_preEliminateConfig,SkinThreeSkin4003._preEliminateConfig,对象数组,1,2,是
main,SkinThreeSkin4004,_eliminateConfig,SkinThreeSkin4004._eliminateConfig,对象数组,1,2,是
main,SkinThreeSkin4005,_eliminateConfig,SkinThreeSkin4005._eliminateConfig,对象数组,1,2,是
main,SkinThreeSkin4007,_eliminateConfig,SkinThreeSkin4007._eliminateConfig,对象数组,1,2,是
main,SkinThreeSkin4007,_preEliminateConfig,SkinThreeSkin4007._preEliminateConfig,对象数组,1,2,是
main,SkinThreeSkin4008,_eliminateConfig,SkinThreeSkin4008._eliminateConfig,对象数组,1,2,是
main,SkinThreeSkin4009,_eliminateConfig,SkinThreeSkin4009._eliminateConfig,对象数组,1,2,是
main,SkinThreeSkin4009,_preEliminateConfig,SkinThreeSkin4009._preEliminateConfig,对象数组,1,2,是
main,SkinThreeSkin4010,_eliminateConfig,SkinThreeSkin4010._eliminateConfig,对象数组,1,2,是
main,SkinThreeSkin4010,_preEliminateConfig,SkinThreeSkin4010._preEliminateConfig,对象数组,1,2,是
main,SkinThreeSkin4012,_eliminateConfig,SkinThreeSkin4012._eliminateConfig,对象数组,1,2,是
main,SkinThreeSkin4013,_eliminateConfig,SkinThreeSkin4013._eliminateConfig,对象数组,1,2,是
main,SkinThreeSkin4013,_preEliminateConfig,SkinThreeSkin4013._preEliminateConfig,对象数组,1,2,是
main,SkinThreeSkin4019,_eliminateConfig,SkinThreeSkin4019._eliminateConfig,对象数组,1,2,是
main,SkinThreeSkin4019,_preEliminateConfig,SkinThreeSkin4019._preEliminateConfig,对象数组,1,2,是
main,SkinThreeSkin4020,_eliminateConfig,SkinThreeSkin4020._eliminateConfig,对象数组,1,2,是
main,SkinThreeSkin4021,_eliminateConfig,SkinThreeSkin4021._eliminateConfig,对象数组,1,2,是
main,SkinThreeSkin4021,_preEliminateConfig,SkinThreeSkin4021._preEliminateConfig,对象数组,1,2,是
main,SkinThreeSkin4026,_eliminateConfig,SkinThreeSkin4026._eliminateConfig,对象数组,1,2,是
main,SkinThreeSkin4026,_preEliminateConfig,SkinThreeSkin4026._preEliminateConfig,对象数组,1,2,是
main,SkinThreeSkin4027,_eliminateConfig,SkinThreeSkin4027._eliminateConfig,对象数组,1,2,是
main,SkinThreeSkin4027,_preEliminateConfig,SkinThreeSkin4027._preEliminateConfig,对象数组,1,2,是
main,SkinThreeSkin4028,_eliminateConfig,SkinThreeSkin4028._eliminateConfig,对象数组,1,2,是
main,SkinThreeSkin4028,_preEliminateConfig,SkinThreeSkin4028._preEliminateConfig,对象数组,1,2,是
main,SkinThreeSkin4033,_eliminateConfig,SkinThreeSkin4033._eliminateConfig,对象数组,1,2,是
main,SkinThreeSkin4033,_eliminateConfig,SkinThreeSkin4033._eliminateConfig__2,对象数组,1,2,是
main,SkinThreeSkin4033,_preEliminateConfig,SkinThreeSkin4033._preEliminateConfig,对象数组,1,2,是
main,SkinThreeSkin4033,_preEliminateConfig,SkinThreeSkin4033._preEliminateConfig__2,对象数组,1,2,是
main,SkinThreeSkin4036,_eliminateConfig,SkinThreeSkin4036._eliminateConfig,对象数组,1,2,是
main,SkinThreeSkin4036,_preEliminateConfig,SkinThreeSkin4036._preEliminateConfig,对象数组,1,2,是
main,SkinThreeSkin4037,_eliminateConfig,SkinThreeSkin4037._eliminateConfig,对象数组,1,2,是
main,SkinThreeSkin4037,_preEliminateConfig,SkinThreeSkin4037._preEliminateConfig,对象数组,1,2,是
main,SkinThreeSkin4039,_eliminateConfig,SkinThreeSkin4039._eliminateConfig,对象数组,1,2,是
main,SkinThreeSkin4039,_preEliminateConfig,SkinThreeSkin4039._preEliminateConfig,对象数组,1,2,是
main,SkinThreeSkin4041,_eliminateConfig,SkinThreeSkin4041._eliminateConfig,对象数组,1,2,是
main,SkinThreeSkin4042,_eliminateConfig,SkinThreeSkin4042._eliminateConfig,对象数组,1,2,是
main,SkinThreeSkin4042,_preEliminateConfig,SkinThreeSkin4042._preEliminateConfig,对象数组,1,2,是
main,SkinThreeSkin4045,_eliminateConfig,SkinThreeSkin4045._eliminateConfig,对象数组,1,2,是
main,SkinThreeSkin4048,_eliminateConfig,SkinThreeSkin4048._eliminateConfig,对象数组,1,2,是
main,SkinThreeSkin4051,_eliminateConfig,SkinThreeSkin4051._eliminateConfig,对象数组,1,2,是
main,SkinThreeSkin4054,_eliminateConfig,SkinThreeSkin4054._eliminateConfig,对象数组,1,2,是
main,SkinThreeSkin4054,_preEliminateConfig,SkinThreeSkin4054._preEliminateConfig,对象数组,1,2,是
main,SkinThreeSkin4055,_eliminateConfig,SkinThreeSkin4055._eliminateConfig,对象数组,1,2,是
main,SkinThreeSkin4055,_preEliminateConfig,SkinThreeSkin4055._preEliminateConfig,对象数组,1,2,是
main,SkinThreeSkin4060,_eliminateConfig,SkinThreeSkin4060._eliminateConfig,对象数组,1,2,是
main,SkinThreeSkin4060,_preEliminateConfig,SkinThreeSkin4060._preEliminateConfig,对象数组,1,2,是
main,SkinThreeSkin4061,_eliminateConfig,SkinThreeSkin4061._eliminateConfig,对象数组,1,2,是
main,SkinThreeSkin4063,_eliminateConfig,SkinThreeSkin4063._eliminateConfig,对象数组,1,2,是
main,SkinThreeSkin4063,_preEliminateConfig,SkinThreeSkin4063._preEliminateConfig,对象数组,1,2,是
main,SkinThreeSkin4066,_eliminateConfig,SkinThreeSkin4066._eliminateConfig,对象数组,1,2,是
main,SkinThreeSkin4072,_eliminateConfig,SkinThreeSkin4072._eliminateConfig,对象数组,1,2,是
main,SkinThreeSkin4078,_eliminateConfig,SkinThreeSkin4078._eliminateConfig,对象数组,1,2,是
main,SkinThreeSkin4078,_preEliminateConfig,SkinThreeSkin4078._preEliminateConfig,对象数组,1,2,是
main,SkinThreeSkin4079,_eliminateConfig,SkinThreeSkin4079._eliminateConfig,对象数组,1,2,是
main,SpriteFrameConfig,SpriteFrameConfig,SpriteFrameConfig.SpriteFrameConfig,对象字典,28,4,是
main,ThemeConfig,defaultThemeArr,ThemeConfig.defaultThemeArr,数组,150,,
main,TraitConfigActiveExtraListInfo,extraGpList,TraitConfigActiveExtraListInfo.extraGpList,对象数组,2,3,是
main,TraitConfigActiveExtraListInfo,extraIosList,TraitConfigActiveExtraListInfo.extraIosList,对象数组,4,3,是
main,TraitConfigActiveExtraListInfo,extraList,TraitConfigActiveExtraListInfo.extraList,对象数组,25,3,是
main,TraitConfigActiveExtraListInfo,gmList,TraitConfigActiveExtraListInfo.gmList,对象数组,4,3,是
main,TraitConfigActiveExtraListInfo,robotList,TraitConfigActiveExtraListInfo.robotList,对象数组,2,3,是
main,TraitSequence,shareTraitTarget,TraitSequence.shareTraitTarget,字典,12,,
main,TraitServerBaseVerificationCofig,FALLBACK_CONFIG,TraitServerBaseVerificationCofig.FALLBACK_CONFIG,字典,4,,
main,TraitServerOneWayDoorConfig,iosOneWayDoorActive,TraitServerOneWayDoorConfig.iosOneWayDoorActive,数组,105,,
main,TraitServerOneWayDoorConfig,oneWayDoorActive,TraitServerOneWayDoorConfig.oneWayDoorActive,数组,470,,
main,TraitServerOneWayDoorConfig,oneWayDoorNewer,TraitServerOneWayDoorConfig.oneWayDoorNewer,数组,571,,
main,TraitServerOuterBoundaryFallbackConfig,OUTER_BOUNDARY_FALLBACK_FEATURE_CONFIGS,TraitServerOuterBoundaryFallbackConfig.OUTER_BOUNDARY_FALLBACK_FEATURE_CONFIGS,对象字典,10,4,是
main,TraitServer_OuterBoundaryFallback_Proxy,FEATURE5_GAME_WAY_NUMS,TraitServer_OuterBoundaryFallback_Proxy.FEATURE5_GAME_WAY_NUMS,数组,20,,
main,TraitServer_OuterBoundaryFallback_Proxy,IOS_FALLBACK_GAME_WAY_NUMS,TraitServer_OuterBoundaryFallback_Proxy.IOS_FALLBACK_GAME_WAY_NUMS,数组,46,,
main,TraitServer_OuterBoundaryFallback_Proxy,IOS_FALLBACK_GAME_WAY_NUMS_2,TraitServer_OuterBoundaryFallback_Proxy.IOS_FALLBACK_GAME_WAY_NUMS_2,数组,11,,
main,TraitServer_OuterBoundaryFallback_Proxy,IOS_FALLBACK_GAME_WAY_NUMS_3,TraitServer_OuterBoundaryFallback_Proxy.IOS_FALLBACK_GAME_WAY_NUMS_3,数组,14,,
main,TraitServer_OuterBoundaryFallback_Proxy,IOS_FALLBACK_GAME_WAY_NUMS_4,TraitServer_OuterBoundaryFallback_Proxy.IOS_FALLBACK_GAME_WAY_NUMS_4,数组,19,,
main,TraitServer_OuterBoundaryFallback_Proxy,IOS_FALLBACK_GAME_WAY_NUMS_5,TraitServer_OuterBoundaryFallback_Proxy.IOS_FALLBACK_GAME_WAY_NUMS_5,数组,16,,
main,TraitsPlatformMap,traitsPlatformMap,TraitsPlatformMap.traitsPlatformMap,字典,7,,
main,algoAtom,config,algoAtom.config,对象数组,1,2,是
main,algoAtom,config,algoAtom.config__10,对象数组,5,2,是
main,algoAtom,config,algoAtom.config__11,对象数组,4,2,是
main,algoAtom,config,algoAtom.config__12,对象数组,3,2,是
main,algoAtom,config,algoAtom.config__13,对象数组,5,2,是
main,algoAtom,config,algoAtom.config__14,对象数组,5,2,是
main,algoAtom,config,algoAtom.config__15,对象数组,3,2,是
main,algoAtom,config,algoAtom.config__16,对象数组,4,2,是
main,algoAtom,config,algoAtom.config__17,对象数组,5,2,是
main,algoAtom,config,algoAtom.config__18,对象数组,2,2,是
main,algoAtom,config,algoAtom.config__19,对象数组,1,2,是
main,algoAtom,config,algoAtom.config__2,对象数组,3,2,是
main,algoAtom,config,algoAtom.config__20,对象数组,6,2,是
main,algoAtom,config,algoAtom.config__21,对象数组,4,2,是
main,algoAtom,config,algoAtom.config__22,对象数组,3,2,是
main,algoAtom,config,algoAtom.config__23,对象数组,6,2,是
main,algoAtom,config,algoAtom.config__24,对象数组,3,2,是
main,algoAtom,config,algoAtom.config__25,对象数组,1,2,是
main,algoAtom,config,algoAtom.config__3,对象数组,1,2,是
main,algoAtom,config,algoAtom.config__4,对象数组,3,2,是
main,algoAtom,config,algoAtom.config__5,对象数组,3,2,是
main,algoAtom,config,algoAtom.config__6,对象数组,3,2,是
main,algoAtom,config,algoAtom.config__7,对象数组,1,2,是
main,algoAtom,config,algoAtom.config__8,对象数组,5,2,是
main,algoAtom,config,algoAtom.config__9,对象数组,4,2,是
main,algoPuzzle,BLOCKS,algoPuzzle.BLOCKS,数组,41,,
main,algoPuzzle,K_ALL_R,algoPuzzle.K_ALL_R,数组,40,,
main,algoPuzzle,_area2ids,algoPuzzle._area2ids,数组,10,,
main,algoPuzzle,_borderNumArr,algoPuzzle._borderNumArr,数组,42,,
main,algoPuzzle,_dieBlockArr,algoPuzzle._dieBlockArr,数组,34,,
main,algoPuzzle,blockInfos,algoPuzzle.blockInfos,对象数组,66,11,是
main,algoPuzzle,fullBoard,algoPuzzle.fullBoard,数组,8,,
main,algoPuzzle,info,algoPuzzle.info,对象数组,52,5,是
mainTraits,$21013_f_CommentPopStartTrait,currData,$21013_f_CommentPopStartTrait.currData,字典,4,,
mainTraits,AdvantureScoreTrait,repNormalTypeList,AdvantureScoreTrait.repNormalTypeList,数组,8,,
mainTraits,CTAgloNameIOSTrait,PRIORITY_ALGORITHMS,CTAgloNameIOSTrait.PRIORITY_ALGORITHMS,对象数组,9,2,是
mainTraits,CTAgloNameTrait,ALGORITHM_MAPPINGS,CTAgloNameTrait.ALGORITHM_MAPPINGS,对象数组,3,2,是
mainTraits,CTAgloNameTrait,PRIORITY_ALGORITHMS,CTAgloNameTrait.PRIORITY_ALGORITHMS,对象数组,14,2,是
mainTraits,CTLogAddAdLogTrait,_classNameExcludeList,CTLogAddAdLogTrait._classNameExcludeList,数组,20,,
mainTraits,CTMergeBlocksAgloNameTrait,ALGORITHM_MAPPINGS,CTMergeBlocksAgloNameTrait.ALGORITHM_MAPPINGS,对象数组,3,2,是
mainTraits,CTMergeBlocksAgloNameTrait,PRIORITY_ALGORITHMS,CTMergeBlocksAgloNameTrait.PRIORITY_ALGORITHMS,对象数组,14,2,是
mainTraits,FillFunctionTrait,blocksArr,FillFunctionTrait.blocksArr,数组,9,,
mainTraits,FirstRoundBlockTrait,localGameData,FirstRoundBlockTrait.localGameData,字典,4,,
mainTraits,IsOpenRightPutTrait,putData,IsOpenRightPutTrait.putData,对象数组,3,5,是
mainTraits,IsOpenSolveDifficultProblemsAmazingTrait,topicNameList,IsOpenSolveDifficultProblemsAmazingTrait.topicNameList,数组,14,,
mainTraits,MainDragonBonesConfig,MainDragonBonesConfig,MainDragonBonesConfig.MainDragonBonesConfig,对象字典,7,5,是
mainTraits,MainTraitAudioConfig ,MainTraitAudioConfig,MainTraitAudioConfig.MainTraitAudioConfig,对象字典,4,5,是
mainTraits,MoreAreaTKXCIOSTrait,param3_round2Score_active_ios,MoreAreaTKXCIOSTrait.param3_round2Score_active_ios,数组,100,,
mainTraits,MoreAreaTKXCIOSTrait,param3_round2Score_newPlayer_ios,MoreAreaTKXCIOSTrait.param3_round2Score_newPlayer_ios,数组,100,,
mainTraits,MoreAreaTKXCTrait,DEFAULT_ACTIVE_PLAYER_ROUND_AVG_SCORES,MoreAreaTKXCTrait.DEFAULT_ACTIVE_PLAYER_ROUND_AVG_SCORES,数组,100,,
mainTraits,MoreAreaTKXCTrait,DEFAULT_NEW_PLAYER_ROUND_AVG_SCORES,MoreAreaTKXCTrait.DEFAULT_NEW_PLAYER_ROUND_AVG_SCORES,数组,100,,
mainTraits,PostGameToServerTrait,dataStatisticsObj,PostGameToServerTrait.dataStatisticsObj,字典,13,,
mainTraits,PromotionMoreGamesInBlockCtrlTrait,SCREEN_HEIGHT_CONFIG,PromotionMoreGamesInBlockCtrlTrait.SCREEN_HEIGHT_CONFIG,对象字典,5,5,是
mainTraits,RemoveAll23Trait,workAlgorithmList,RemoveAll23Trait.workAlgorithmList,数组,11,,
mainTraits,RightPutTrait,RIGHT_PUT_OFFER_TYPES,RightPutTrait.RIGHT_PUT_OFFER_TYPES,数组,15,,
mainTraits,RightPutTrait,putData,RightPutTrait.putData,对象数组,3,5,是
mainTraits,SandMiniPackTrait,returnValue,SandMiniPackTrait.returnValue,字典,6,,
mainTraits,TraitsPrefabConfig,TraitsPrefabConfig,TraitsPrefabConfig.TraitsPrefabConfig,对象字典,20,5,是
mergeBlocks,MergeBlocksAlgorithmStrategyConfig,mergeBlocksWeightRatioArr,MergeBlocksAlgorithmStrategyConfig.mergeBlocksWeightRatioArr,数组,6,,
mergeBlocks,MergeBlocksDataStatisticsInfo,_dataStatisticsObj,MergeBlocksDataStatisticsInfo._dataStatisticsObj,字典,13,,
mergeBlocks,MergeBlocksDefaultInfo2Config,mergeBlocksDefaultInfo2Config,MergeBlocksDefaultInfo2Config.mergeBlocksDefaultInfo2Config,字典,6,,
mergeBlocks,MergeBlocksDefaultInfoArrConfig,mergeBlocksDefaultInfoArrConfig,MergeBlocksDefaultInfoArrConfig.mergeBlocksDefaultInfoArrConfig,数组,60,,
mergeBlocks,MergeBlocksDefaultReduce300,mergeBlocksDefaultReduce300,MergeBlocksDefaultReduce300.mergeBlocksDefaultReduce300,数组,400,,
mergeBlocks,MergeBlocksGuideInfo,steps,MergeBlocksGuideInfo.steps,对象数组,3,9,是
mergeBlocks,MergeBlocksPrefabConfig,MergeBlocksPrefabConfig,MergeBlocksPrefabConfig.MergeBlocksPrefabConfig,对象字典,7,8,是
mergeBlocks,MergeBlocksUserBehaviorConfig,mergeBlocksUseBehaviorAlgorithm,MergeBlocksUserBehaviorConfig.mergeBlocksUseBehaviorAlgorithm,数组,10,,
sandcrush,BlockDropTrailMeshStrategy,CONFIG,BlockDropTrailMeshStrategy.CONFIG,字典,6,,
sandcrush,DailyLoginConfigData,monthRewardsCfg,DailyLoginConfigData.monthRewardsCfg,对象数组,4,3,是
sandcrush,DailyLoginConfigData,monthRewardsCfg,DailyLoginConfigData.monthRewardsCfg__2,对象数组,4,3,是
sandcrush,DailyLoginConfigData,weekRewardsCfg,DailyLoginConfigData.weekRewardsCfg,对象数组,7,5,是
sandcrush,DailyLoginConfigData,weekRewardsCfg,DailyLoginConfigData.weekRewardsCfg__2,对象数组,7,5,是
sandcrush,DragDetectHighlightManager,COLOR_TEXTURE_MAP,DragDetectHighlightManager.COLOR_TEXTURE_MAP,字典,8,,
sandcrush,InitialBoard,InitialBoard,InitialBoard.InitialBoard,数组,63,,
sandcrush,InitialBoard,InitialBoardArrow,InitialBoard.InitialBoardArrow,数组,51,,
sandcrush,InitialBoard,InitialCompetitorBoard,InitialBoard.InitialCompetitorBoard,数组,55,,
sandcrush,InitialBoard,TestBorad,InitialBoard.TestBorad,数组,109,,
sandcrush,LocalPlanConfig,LocalPlan,LocalPlanConfig.LocalPlan,对象字典,4,10,是
sandcrush,MotivationalWordsLight,COLOR_CONFIG,MotivationalWordsLight.COLOR_CONFIG,对象字典,9,4,是
sandcrush,MotivationalWordsMap,MotivationalWordsMap,MotivationalWordsMap.MotivationalWordsMap,字典,4,,
sandcrush,SandActionFactory,SAND_TRIGGERS_GAME,SandActionFactory.SAND_TRIGGERS_GAME,对象数组,2,3,是
sandcrush,SandActionInit,preChooseAlgoInfo,SandActionInit.preChooseAlgoInfo,字典,4,,
sandcrush,SandAdDynamicEmotionTrigger,AD_TRIGGER_CONFIG,SandAdDynamicEmotionTrigger.AD_TRIGGER_CONFIG,字典,5,,
sandcrush,SandAdDynamicEmotionTrigger,PLAYER_CONFIG,SandAdDynamicEmotionTrigger.PLAYER_CONFIG,字典,4,,
sandcrush,SandAlgoContext,preChooseAlgoInfo,SandAlgoContext.preChooseAlgoInfo,字典,4,,
sandcrush,SandAllClearParComponent,colors,SandAllClearParComponent.colors,数组,9,,
sandcrush,SandAllClearParComponent,colorsEffect,SandAllClearParComponent.colorsEffect,数组,9,,
sandcrush,SandAllClearParComponent,colorsEffectNames,SandAllClearParComponent.colorsEffectNames,数组,9,,
sandcrush,SandDefines,SandBlockAlgoInfo,SandDefines.SandBlockAlgoInfo,对象字典,12,3,是
sandcrush,SandGameController,eliminationContext,SandGameController.eliminationContext,字典,13,,
sandcrush,SandLevelModeGem,gemCountList,SandLevelModeGem.gemCountList,对象数组,5,2,是
sandcrush,SandReviveData,unlockColor,SandReviveData.unlockColor,字典,6,,
sandcrush,SandRobotBase,config,SandRobotBase.config,字典,6,,
sandcrush,SandRobotManager,_defaultConfig,SandRobotManager._defaultConfig,字典,6,,
sandcrush,SandUIConfig,DailyLoginUI,SandUIConfig.DailyLoginUI,字典,5,,
sandcrush,SandUIConfig,FeedBackView,SandUIConfig.FeedBackView,字典,5,,
sandcrush,SandUIConfig,NoAdTipsUI,SandUIConfig.NoAdTipsUI,字典,5,,
sandcrush,SandUIConfig,OverLoseFireworks,SandUIConfig.OverLoseFireworks,字典,5,,
sandcrush,SandUIConfig,OverLoseFull,SandUIConfig.OverLoseFull,字典,5,,
sandcrush,SandUIConfig,OverLoseLight,SandUIConfig.OverLoseLight,字典,5,,
sandcrush,SandUIConfig,OverLoseSpeedLine,SandUIConfig.OverLoseSpeedLine,字典,5,,
sandcrush,SandUIConfig,OverLoseUp,SandUIConfig.OverLoseUp,字典,5,,
sandcrush,SandUIConfig,OverSimplify,SandUIConfig.OverSimplify,字典,5,,
sandcrush,SandUIConfig,OverWinFireworks,SandUIConfig.OverWinFireworks,字典,5,,
sandcrush,SandUIConfig,OverWinFull,SandUIConfig.OverWinFull,字典,5,,
sandcrush,SandUIConfig,OverWinLight,SandUIConfig.OverWinLight,字典,5,,
sandcrush,SandUIConfig,OverWinSpeedLine,SandUIConfig.OverWinSpeedLine,字典,5,,
sandcrush,SandUIConfig,OverWinUp,SandUIConfig.OverWinUp,字典,5,,
sandcrush,SandUIConfig,RainbowScoreBestUI,SandUIConfig.RainbowScoreBestUI,字典,5,,
sandcrush,SandUIConfig,RainbowScoreGameOverUI,SandUIConfig.RainbowScoreGameOverUI,字典,5,,
sandcrush,SandUIConfig,SandBlockEditorUI,SandUIConfig.SandBlockEditorUI,字典,5,,
sandcrush,SandUIConfig,SandDiamondLevelUp,SandUIConfig.SandDiamondLevelUp,字典,5,,
sandcrush,SandUIConfig,SandHomeUI,SandUIConfig.SandHomeUI,字典,5,,
sandcrush,SandUIConfig,SandLevelResultColor,SandUIConfig.SandLevelResultColor,字典,5,,
sandcrush,SandUIConfig,SandLevelResultGem,SandUIConfig.SandLevelResultGem,字典,5,,
sandcrush,SandUIConfig,SandLevelResultScore,SandUIConfig.SandLevelResultScore,字典,5,,
sandcrush,SandUIConfig,SandLevelTargetColor,SandUIConfig.SandLevelTargetColor,字典,5,,
sandcrush,SandUIConfig,SandLevelTargetGem,SandUIConfig.SandLevelTargetGem,字典,5,,
sandcrush,SandUIConfig,SandLevelTargetScore,SandUIConfig.SandLevelTargetScore,字典,5,,
sandcrush,SandUIConfig,SandMenuView,SandUIConfig.SandMenuView,字典,5,,
sandcrush,SandUIConfig,SandScoreMultiplierUI,SandUIConfig.SandScoreMultiplierUI,字典,5,,
sandcrush,SandUIConfig,ScoreMilestonePop,SandUIConfig.ScoreMilestonePop,字典,5,,
sandcrush,SandUIConfig,SettingMoreUI,SandUIConfig.SettingMoreUI,字典,5,,
sandcrush,SandUIConfig,SettingUI,SandUIConfig.SettingUI,字典,5,,
sandcrush,SandUIConfig,StageGoalPopup,SandUIConfig.StageGoalPopup,字典,5,,
sandcrush,SandUIConfig,StarEnjoyView,SandUIConfig.StarEnjoyView,字典,5,,
sandcrush,SandUIConfig,StarLikeView,SandUIConfig.StarLikeView,字典,5,,
sandcrush,SandUIConfig,StarMoreTipsView,SandUIConfig.StarMoreTipsView,字典,5,,
sandcrush,SandUIConfig,StarView,SandUIConfig.StarView,字典,5,,
sandcrush,SandUIConfig,ToastUI,SandUIConfig.ToastUI,字典,5,,
sandcrush,SandUIConfig,dialogUI,SandUIConfig.dialogUI,字典,5,,
sandcrush,SandUIConfig,diamondReviveUI,SandUIConfig.diamondReviveUI,字典,5,,
sandcrush,SandUIConfig,diamondRewardUI,SandUIConfig.diamondRewardUI,字典,5,,
sandcrush,SandUIConfig,effectUI,SandUIConfig.effectUI,字典,5,,
sandcrush,SandUIConfig,gmUI,SandUIConfig.gmUI,字典,5,,
sandcrush,SandUIConfig,loadingUI,SandUIConfig.loadingUI,字典,5,,
sandcrush,SandUIConfig,mainUI,SandUIConfig.mainUI,字典,5,,
sandcrush,SandUIConfig,overBestUI,SandUIConfig.overBestUI,字典,5,,
sandcrush,SandUIConfig,overUI,SandUIConfig.overUI,字典,5,,
sandcrush,SandUIConfig,reviveRedeem,SandUIConfig.reviveRedeem,字典,5,,
sandcrush,SandUIConfig,reviveUI,SandUIConfig.reviveUI,字典,5,,
sandcrush,SandUIConfig,reviveUI1,SandUIConfig.reviveUI1,字典,5,,
sandcrush,SandUIConfig,waitAdCDUI,SandUIConfig.waitAdCDUI,字典,5,,
sandcrush,SandUIConfig,waitAdCoffeeUI,SandUIConfig.waitAdCoffeeUI,字典,5,,
sandcrush,SandUIConfig,waitAdDiamondUI,SandUIConfig.waitAdDiamondUI,字典,5,,
sandcrush,SandUIConfig,waitAdUI,SandUIConfig.waitAdUI,字典,5,,
sandcrush,ScoreFontLabel,_colors,ScoreFontLabel._colors,数组,9,,
sandcrush,ScoreMultiplierManager,MULTIPLIER_LEVELS,ScoreMultiplierManager.MULTIPLIER_LEVELS,对象数组,10,2,是
sandcrush,StageGoalDiamondPopup,multipleRewards,StageGoalDiamondPopup.multipleRewards,数组,4,,
sandcrush,StageGoalDiamondPopup,multipleRewards,StageGoalDiamondPopup.multipleRewards__2,数组,4,,
