_key,name,url
IpaPreCommonLoading,IpaPreCommonLoading,prefabs/ipa/common/IpaPreCommonLoading
IpaAgreeLabel,IpaAgreeLabel,prefabs/ipa/removeAd/IpaAgreeLabel
IpaPreRemoveAdExpire,IpaPreRemoveAdExpire,prefabs/ipa/removeAd/IpaPreRemoveAdExpire
IpaPreRemoveAdIntroduce,IpaPreRemoveAdIntroduce,prefabs/ipa/removeAd/IpaPreRemoveAdIntroduce
IpaPreRemoveAdLoadingFailed,IpaPreRemoveAdLoadingFailed,prefabs/ipa/removeAd/IpaPreRemoveAdLoadingFailed
IpaPreRemoveAdMain,IpaPreRemoveAdMain,prefabs/ipa/removeAd/IpaPreRemoveAdMain
IpaPreRemoveAdNoNet,IpaPreRemoveAdNoNet,prefabs/ipa/removeAd/IpaPreRemoveAdNoNet
IpaPreRemoveAdPaymentFailed,IpaPreRemoveAdPaymentFailed,prefabs/ipa/removeAd/IpaPreRemoveAdPaymentFailed
IpaPreRemoveAdPaymentSuccess,IpaPreRemoveAdPaymentSuccess,prefabs/ipa/removeAd/IpaPreRemoveAdPaymentSuccess
IpaPreRemoveAdPopTip,IpaPreRemoveAdPopTip,prefabs/ipa/removeAd/IpaPreRemoveAdPopTip
IpaPreRemoveAdPriceItem,IpaPreRemoveAdPriceItem,prefabs/ipa/removeAd/IpaPreRemoveAdPriceItem
IpaPreRemoveAdRenew,IpaPreRemoveAdRenew,prefabs/ipa/removeAd/IpaPreRemoveAdRenew
IpaSubEntry,IpaSubEntry,prefabs/ipa/removeAd/IpaSubEntry
IpaSubEntry2,IpaSubEntry2,prefabs/ipa/removeAd/IpaSubEntry2
IpaPreRemoveAdTip,IpaPreRemoveAdTip,prefabs/ipa/removeAd/IpaPreRemoveAdTip
IpaPreRemoveAdTip2,IpaPreRemoveAdTip2,prefabs/ipa/removeAd/IpaPreRemoveAdTip2
IpaPreRemoveAdTip3,IpaPreRemoveAdTip3,prefabs/ipa/removeAd/IpaPreRemoveAdTip3
IpaPreHand,IpaPreHand,prefabs/ipa/sudoku/IpaPreHand
